Sales Person,Country,Product,Date,Amount,Boxes Shipped,Year,Quarter,Month,Day
Jehu Rudeforth,UK,Mint Chip Choco,2022-01-04,5320.0,180,2022,1,1,4
Van Tuxwell,India,85% Dark Bars,2022-08-01,7896.0,94,2022,3,8,1
Gigi Bohling,India,Peanut Butter Cubes,2022-07-07,4501.0,91,2022,3,7,7
Jan Morforth,Australia,Peanut Butter Cubes,2022-04-27,12726.0,342,2022,2,4,27
Jehu Rudeforth,UK,Peanut Butter Cubes,2022-02-24,13685.0,184,2022,1,2,24
Van Tuxwell,India,Smooth Sliky Salty,2022-06-06,5376.0,38,2022,2,6,6
Oby Sorrel,UK,99% Dark & Pure,2022-01-25,13685.0,176,2022,1,1,25
Gunar Cockshoot,Australia,After Nines,2022-03-24,3080.0,73,2022,1,3,24
Jehu Rudeforth,New Zealand,50% Dark Bites,2022-04-20,3990.0,59,2022,2,4,20
Brien Boise,Australia,99% Dark & Pure,2022-07-04,2835.0,102,2022,3,7,4
Rafaelita Blaksland,UK,Smooth Sliky Salty,2022-01-13,4704.0,62,2022,1,1,13
Barr Faughny,USA,Orange Choco,2022-03-10,3703.0,11,2022,1,3,10
Mallorie Waber,Canada,Eclairs,2022-01-13,1442.0,286,2022,1,1,13
Karlen McCaffrey,New Zealand,Drinking Coco,2022-07-28,168.0,156,2022,3,7,28
Marney O'Breen,New Zealand,Peanut Butter Cubes,2022-08-03,8379.0,173,2022,3,8,3
Beverie Moffet,Australia,Organic Choco Syrup,2022-01-26,6790.0,356,2022,1,1,26
Van Tuxwell,Canada,Organic Choco Syrup,2022-02-14,4067.0,42,2022,1,2,14
Roddy Speechley,USA,Smooth Sliky Salty,2022-04-05,3017.0,140,2022,2,4,5
Beverie Moffet,Canada,Milk Bars,2022-02-16,8799.0,250,2022,1,2,16
Curtice Advani,UK,85% Dark Bars,2022-06-08,1085.0,172,2022,2,6,8
Brien Boise,Australia,Eclairs,2022-06-27,6888.0,88,2022,2,6,27
Gunar Cockshoot,USA,Spicy Special Slims,2022-02-17,1267.0,157,2022,1,2,17
Marney O'Breen,USA,After Nines,2022-05-30,4753.0,163,2022,2,5,30
Husein Augar,UK,Drinking Coco,2022-03-14,3003.0,113,2022,1,3,14
Kaine Padly,Australia,Eclairs,2022-02-28,7672.0,115,2022,1,2,28
Karlen McCaffrey,India,Fruit & Nut Bars,2022-01-26,168.0,321,2022,1,1,26
Roddy Speechley,Canada,Spicy Special Slims,2022-02-09,1652.0,186,2022,1,2,9
Husein Augar,USA,Eclairs,2022-07-07,4025.0,112,2022,3,7,7
Dennison Crosswaite,New Zealand,White Choc,2022-07-05,9492.0,151,2022,3,7,5
Dennison Crosswaite,New Zealand,Manuka Honey Choco,2022-06-15,5061.0,301,2022,2,6,15
Van Tuxwell,New Zealand,85% Dark Bars,2022-05-24,1722.0,121,2022,2,5,24
Rafaelita Blaksland,UK,99% Dark & Pure,2022-06-29,12446.0,150,2022,2,6,29
Wilone O'Kielt,Australia,Manuka Honey Choco,2022-05-11,4284.0,94,2022,2,5,11
Karlen McCaffrey,UK,Almond Choco,2022-06-30,6839.0,133,2022,2,6,30
Andria Kimpton,Canada,After Nines,2022-05-11,2163.0,70,2022,2,5,11
Roddy Speechley,USA,Manuka Honey Choco,2022-07-22,9583.0,315,2022,3,7,22
Andria Kimpton,UK,50% Dark Bites,2022-08-24,2653.0,314,2022,3,8,24
Kelci Walkden,New Zealand,After Nines,2022-07-07,147.0,72,2022,3,7,7
Camilla Castle,Australia,85% Dark Bars,2022-05-19,3654.0,14,2022,2,5,19
Karlen McCaffrey,India,Manuka Honey Choco,2022-07-04,2443.0,581,2022,3,7,4
Kelci Walkden,USA,After Nines,2022-06-02,938.0,16,2022,2,6,2
Karlen McCaffrey,USA,Raspberry Choco,2022-04-15,14749.0,354,2022,2,4,15
Mallorie Waber,Canada,Choco Coated Almonds,2022-07-11,4781.0,241,2022,3,7,11
Andria Kimpton,India,Spicy Special Slims,2022-02-23,6307.0,142,2022,1,2,23
Madelene Upcott,Canada,Almond Choco,2022-08-22,7602.0,102,2022,3,8,22
Kaine Padly,USA,Peanut Butter Cubes,2022-02-16,6790.0,188,2022,1,2,16
Van Tuxwell,USA,50% Dark Bites,2022-01-13,9737.0,160,2022,1,1,13
Curtice Advani,Australia,Milk Bars,2022-02-14,6979.0,18,2022,1,2,14
Roddy Speechley,India,Eclairs,2022-06-10,4382.0,303,2022,2,6,10
Curtice Advani,India,Fruit & Nut Bars,2022-07-07,5243.0,176,2022,3,7,7
Curtice Advani,Canada,Almond Choco,2022-03-24,4865.0,70,2022,1,3,24
Brien Boise,Australia,Fruit & Nut Bars,2022-06-06,8575.0,23,2022,2,6,6
Dotty Strutley,Australia,Drinking Coco,2022-07-19,91.0,135,2022,3,7,19
Beverie Moffet,USA,Raspberry Choco,2022-04-19,14798.0,83,2022,2,4,19
Marney O'Breen,India,85% Dark Bars,2022-07-19,2205.0,179,2022,3,7,19
Jehu Rudeforth,Canada,Drinking Coco,2022-07-15,441.0,24,2022,3,7,15
Ches Bonnell,New Zealand,Spicy Special Slims,2022-02-14,3556.0,18,2022,1,2,14
Brien Boise,Canada,99% Dark & Pure,2022-05-18,16793.0,416,2022,2,5,18
Barr Faughny,Australia,Fruit & Nut Bars,2022-06-30,15421.0,55,2022,2,6,30
Andria Kimpton,Australia,50% Dark Bites,2022-06-02,4438.0,227,2022,2,6,2
Andria Kimpton,Australia,Drinking Coco,2022-06-28,1603.0,48,2022,2,6,28
Marney O'Breen,Australia,Organic Choco Syrup,2022-05-16,273.0,174,2022,2,5,16
Kelci Walkden,Canada,Baker's Choco Chips,2022-05-26,3073.0,302,2022,2,5,26
Karlen McCaffrey,India,Almond Choco,2022-07-06,6090.0,149,2022,3,7,6
Oby Sorrel,India,99% Dark & Pure,2022-05-27,10255.0,11,2022,2,5,27
Wilone O'Kielt,Australia,Caramel Stuffed Bars,2022-04-14,2030.0,11,2022,2,4,14
Van Tuxwell,Australia,Organic Choco Syrup,2022-08-10,19453.0,14,2022,3,8,10
Camilla Castle,India,50% Dark Bites,2022-07-04,9275.0,411,2022,3,7,4
Oby Sorrel,India,Organic Choco Syrup,2022-07-08,6181.0,56,2022,3,7,8
Jan Morforth,USA,Peanut Butter Cubes,2022-07-22,9037.0,102,2022,3,7,22
Gigi Bohling,USA,Choco Coated Almonds,2022-03-02,12313.0,103,2022,1,3,2
Gigi Bohling,UK,Almond Choco,2022-01-10,5642.0,9,2022,1,1,10
Jehu Rudeforth,New Zealand,White Choc,2022-03-11,2800.0,241,2022,1,3,11
Andria Kimpton,New Zealand,Peanut Butter Cubes,2022-06-20,959.0,265,2022,2,6,20
Van Tuxwell,UK,Organic Choco Syrup,2022-08-26,2002.0,214,2022,3,8,26
Roddy Speechley,Canada,Milk Bars,2022-07-13,609.0,32,2022,3,7,13
Camilla Castle,USA,Spicy Special Slims,2022-02-11,1274.0,244,2022,1,2,11
Marney O'Breen,USA,Orange Choco,2022-01-27,7595.0,181,2022,1,1,27
Van Tuxwell,UK,99% Dark & Pure,2022-01-31,4725.0,137,2022,1,1,31
Camilla Castle,USA,White Choc,2022-08-18,9681.0,24,2022,3,8,18
Andria Kimpton,USA,Raspberry Choco,2022-06-30,14504.0,21,2022,2,6,30
Dotty Strutley,Australia,Fruit & Nut Bars,2022-08-23,280.0,311,2022,3,8,23
Brien Boise,New Zealand,Mint Chip Choco,2022-08-01,63.0,181,2022,3,8,1
Roddy Speechley,New Zealand,After Nines,2022-05-25,8001.0,10,2022,2,5,25
Roddy Speechley,Canada,Organic Choco Syrup,2022-01-10,4032.0,82,2022,1,1,10
Dennison Crosswaite,Australia,70% Dark Bites,2022-02-07,5859.0,108,2022,1,2,7
Karlen McCaffrey,USA,Orange Choco,2022-05-12,11095.0,401,2022,2,5,12
Madelene Upcott,Australia,Spicy Special Slims,2022-03-07,7182.0,408,2022,1,3,7
Dennison Crosswaite,Australia,85% Dark Bars,2022-04-05,6881.0,420,2022,2,4,5
Andria Kimpton,Canada,Caramel Stuffed Bars,2022-01-03,7154.0,348,2022,1,1,3
Dennison Crosswaite,UK,Eclairs,2022-03-24,6188.0,270,2022,1,3,24
Madelene Upcott,India,Raspberry Choco,2022-07-07,4221.0,9,2022,3,7,7
Van Tuxwell,USA,After Nines,2022-07-26,630.0,264,2022,3,7,26
Wilone O'Kielt,Australia,Organic Choco Syrup,2022-07-07,1743.0,111,2022,3,7,7
Karlen McCaffrey,Canada,50% Dark Bites,2022-07-15,2919.0,65,2022,3,7,15
Roddy Speechley,New Zealand,Orange Choco,2022-04-01,49.0,97,2022,2,4,1
Beverie Moffet,Australia,Eclairs,2022-06-20,1827.0,6,2022,2,6,20
Kelci Walkden,UK,Fruit & Nut Bars,2022-06-29,13006.0,482,2022,2,6,29
Marney O'Breen,USA,50% Dark Bites,2022-06-15,1064.0,106,2022,2,6,15
Husein Augar,USA,After Nines,2022-04-08,11571.0,180,2022,2,4,8
Dennison Crosswaite,Australia,Raspberry Choco,2022-03-14,5740.0,31,2022,1,3,14
Andria Kimpton,USA,Fruit & Nut Bars,2022-07-15,1456.0,359,2022,3,7,15
Kelci Walkden,India,Eclairs,2022-04-19,5334.0,80,2022,2,4,19
Marney O'Breen,USA,99% Dark & Pure,2022-03-28,4151.0,296,2022,1,3,28
Brien Boise,Canada,Spicy Special Slims,2022-03-04,8106.0,101,2022,1,3,4
Karlen McCaffrey,New Zealand,70% Dark Bites,2022-08-02,126.0,40,2022,3,8,2
Husein Augar,UK,Spicy Special Slims,2022-08-25,4697.0,42,2022,3,8,25
Marney O'Breen,USA,Almond Choco,2022-02-25,7798.0,167,2022,1,2,25
Kelci Walkden,India,Orange Choco,2022-06-07,9408.0,138,2022,2,6,7
Jan Morforth,India,Spicy Special Slims,2022-04-12,1939.0,520,2022,2,4,12
Ches Bonnell,India,Spicy Special Slims,2022-07-06,10906.0,94,2022,3,7,6
Kelci Walkden,UK,Smooth Sliky Salty,2022-01-19,5929.0,175,2022,1,1,19
Madelene Upcott,Australia,Fruit & Nut Bars,2022-01-05,5579.0,92,2022,1,1,5
Madelene Upcott,Canada,70% Dark Bites,2022-01-24,10927.0,141,2022,1,1,24
Wilone O'Kielt,Australia,Drinking Coco,2022-04-06,623.0,283,2022,2,4,6
Gunar Cockshoot,Australia,Fruit & Nut Bars,2022-06-15,6013.0,21,2022,2,6,15
Gigi Bohling,Canada,Baker's Choco Chips,2022-01-28,1505.0,47,2022,1,1,28
Kelci Walkden,India,Caramel Stuffed Bars,2022-03-16,476.0,125,2022,1,3,16
Rafaelita Blaksland,Australia,Drinking Coco,2022-02-21,11550.0,396,2022,1,2,21
Kelci Walkden,USA,Manuka Honey Choco,2022-02-16,17318.0,87,2022,1,2,16
Jehu Rudeforth,Canada,Spicy Special Slims,2022-01-13,1848.0,27,2022,1,1,13
Kelci Walkden,Australia,Eclairs,2022-03-23,7273.0,547,2022,1,3,23
Curtice Advani,Canada,Spicy Special Slims,2022-06-16,854.0,118,2022,2,6,16
Oby Sorrel,India,Raspberry Choco,2022-04-14,6832.0,46,2022,2,4,14
Kelci Walkden,UK,Eclairs,2022-01-25,4606.0,57,2022,1,1,25
Jan Morforth,India,Almond Choco,2022-03-11,4466.0,22,2022,1,3,11
Dotty Strutley,UK,Almond Choco,2022-07-28,16114.0,96,2022,3,7,28
Marney O'Breen,New Zealand,After Nines,2022-03-09,1561.0,44,2022,1,3,9
Husein Augar,Australia,Orange Choco,2022-06-28,8897.0,188,2022,2,6,28
Marney O'Breen,Australia,Milk Bars,2022-07-28,2464.0,387,2022,3,7,28
Kelci Walkden,Canada,99% Dark & Pure,2022-08-15,4830.0,50,2022,3,8,15
Kaine Padly,Australia,Manuka Honey Choco,2022-01-12,2765.0,264,2022,1,1,12
Beverie Moffet,New Zealand,White Choc,2022-03-24,7126.0,7,2022,1,3,24
Van Tuxwell,UK,Milk Bars,2022-07-25,4263.0,90,2022,3,7,25
Oby Sorrel,Canada,99% Dark & Pure,2022-08-01,3605.0,403,2022,3,8,1
Van Tuxwell,India,Organic Choco Syrup,2022-05-16,19929.0,174,2022,2,5,16
Roddy Speechley,India,Smooth Sliky Salty,2022-08-10,5103.0,140,2022,3,8,10
Jan Morforth,India,Eclairs,2022-01-05,2541.0,27,2022,1,1,5
Ches Bonnell,UK,Smooth Sliky Salty,2022-07-11,5663.0,110,2022,3,7,11
Wilone O'Kielt,USA,After Nines,2022-04-25,392.0,30,2022,2,4,25
Gigi Bohling,New Zealand,Fruit & Nut Bars,2022-04-04,10976.0,121,2022,2,4,4
Barr Faughny,USA,Raspberry Choco,2022-04-12,9282.0,101,2022,2,4,12
Wilone O'Kielt,New Zealand,85% Dark Bars,2022-08-02,1827.0,117,2022,3,8,2
Gigi Bohling,New Zealand,Manuka Honey Choco,2022-06-28,8267.0,272,2022,2,6,28
Ches Bonnell,Australia,Eclairs,2022-07-05,4116.0,128,2022,3,7,5
Rafaelita Blaksland,New Zealand,Choco Coated Almonds,2022-06-07,2093.0,45,2022,2,6,7
Brien Boise,New Zealand,Smooth Sliky Salty,2022-01-18,1015.0,27,2022,1,1,18
Brien Boise,Australia,Baker's Choco Chips,2022-01-04,12516.0,212,2022,1,1,4
Dennison Crosswaite,Australia,99% Dark & Pure,2022-01-31,2758.0,18,2022,1,1,31
Kelci Walkden,India,Almond Choco,2022-03-14,3297.0,149,2022,1,3,14
Camilla Castle,Australia,70% Dark Bites,2022-04-29,6048.0,477,2022,2,4,29
Oby Sorrel,India,Smooth Sliky Salty,2022-02-07,10101.0,108,2022,1,2,7
Kaine Padly,UK,Organic Choco Syrup,2022-03-31,2282.0,178,2022,1,3,31
Marney O'Breen,India,Caramel Stuffed Bars,2022-03-16,4361.0,81,2022,1,3,16
Karlen McCaffrey,UK,Eclairs,2022-01-25,7798.0,196,2022,1,1,25
Van Tuxwell,India,Baker's Choco Chips,2022-06-20,3052.0,447,2022,2,6,20
Gigi Bohling,UK,After Nines,2022-03-29,8029.0,175,2022,1,3,29
Curtice Advani,Australia,Orange Choco,2022-07-12,854.0,136,2022,3,7,12
Jehu Rudeforth,Canada,Smooth Sliky Salty,2022-07-11,5460.0,138,2022,3,7,11
Karlen McCaffrey,Canada,Smooth Sliky Salty,2022-01-19,3017.0,184,2022,1,1,19
Andria Kimpton,USA,85% Dark Bars,2022-04-05,8911.0,82,2022,2,4,5
Jehu Rudeforth,Canada,Milk Bars,2022-02-21,7203.0,12,2022,1,2,21
Rafaelita Blaksland,New Zealand,Caramel Stuffed Bars,2022-05-20,13083.0,14,2022,2,5,20
Mallorie Waber,Australia,Milk Bars,2022-07-29,2779.0,104,2022,3,7,29
Barr Faughny,USA,Fruit & Nut Bars,2022-01-28,9058.0,46,2022,1,1,28
Marney O'Breen,UK,Caramel Stuffed Bars,2022-07-19,3549.0,112,2022,3,7,19
Mallorie Waber,New Zealand,Manuka Honey Choco,2022-04-13,9436.0,11,2022,2,4,13
Roddy Speechley,India,Peanut Butter Cubes,2022-02-11,10283.0,21,2022,1,2,11
Roddy Speechley,New Zealand,Milk Bars,2022-03-02,5446.0,116,2022,1,3,2
Ches Bonnell,Australia,White Choc,2022-03-02,1043.0,202,2022,1,3,2
Van Tuxwell,USA,99% Dark & Pure,2022-07-28,12586.0,6,2022,3,7,28
Kelci Walkden,India,After Nines,2022-01-07,1687.0,520,2022,1,1,7
Brien Boise,UK,White Choc,2022-04-12,5299.0,167,2022,2,4,12
Van Tuxwell,Canada,Almond Choco,2022-06-27,3213.0,72,2022,2,6,27
Jehu Rudeforth,Australia,50% Dark Bites,2022-01-14,5194.0,418,2022,1,1,14
Karlen McCaffrey,UK,Baker's Choco Chips,2022-02-07,4753.0,389,2022,1,2,7
Jehu Rudeforth,Australia,Orange Choco,2022-03-23,13706.0,26,2022,1,3,23
Marney O'Breen,India,Peanut Butter Cubes,2022-01-10,6489.0,146,2022,1,1,10
Oby Sorrel,UK,Choco Coated Almonds,2022-03-17,9324.0,41,2022,1,3,17
Gigi Bohling,USA,Spicy Special Slims,2022-01-21,10829.0,54,2022,1,1,21
Barr Faughny,Australia,White Choc,2022-07-04,8113.0,370,2022,3,7,4
Kaine Padly,Canada,Peanut Butter Cubes,2022-07-04,3269.0,176,2022,3,7,4
Dotty Strutley,USA,Manuka Honey Choco,2022-08-10,273.0,210,2022,3,8,10
Dennison Crosswaite,Australia,50% Dark Bites,2022-04-01,7287.0,12,2022,2,4,1
Gigi Bohling,India,Raspberry Choco,2022-02-22,2583.0,159,2022,1,2,22
Camilla Castle,UK,White Choc,2022-01-03,9982.0,187,2022,1,1,3
Karlen McCaffrey,India,Drinking Coco,2022-05-31,4795.0,233,2022,2,5,31
Dotty Strutley,UK,99% Dark & Pure,2022-01-03,9310.0,282,2022,1,1,3
Husein Augar,New Zealand,Caramel Stuffed Bars,2022-01-27,497.0,475,2022,1,1,27
Barr Faughny,UK,50% Dark Bites,2022-01-28,581.0,65,2022,1,1,28
Curtice Advani,Australia,Organic Choco Syrup,2022-06-28,3472.0,311,2022,2,6,28
Husein Augar,UK,Choco Coated Almonds,2022-03-02,4333.0,43,2022,1,3,2
Wilone O'Kielt,Australia,After Nines,2022-05-27,3325.0,26,2022,2,5,27
Dennison Crosswaite,USA,Almond Choco,2022-06-30,11718.0,84,2022,2,6,30
Barr Faughny,Canada,Peanut Butter Cubes,2022-06-07,2100.0,78,2022,2,6,7
Kaine Padly,USA,70% Dark Bites,2022-05-12,4018.0,100,2022,2,5,12
Barr Faughny,New Zealand,Raspberry Choco,2022-07-29,6468.0,66,2022,3,7,29
Dennison Crosswaite,UK,White Choc,2022-08-03,7238.0,265,2022,3,8,3
Barr Faughny,India,Baker's Choco Chips,2022-08-18,6454.0,141,2022,3,8,18
Van Tuxwell,New Zealand,Smooth Sliky Salty,2022-06-14,3115.0,42,2022,2,6,14
Beverie Moffet,UK,White Choc,2022-06-30,6475.0,76,2022,2,6,30
Camilla Castle,New Zealand,Mint Chip Choco,2022-06-13,1162.0,190,2022,2,6,13
Ches Bonnell,UK,Orange Choco,2022-04-27,14238.0,54,2022,2,4,27
Jan Morforth,Australia,White Choc,2022-07-27,3472.0,32,2022,3,7,27
Mallorie Waber,Canada,85% Dark Bars,2022-04-20,1428.0,424,2022,2,4,20
Rafaelita Blaksland,India,Spicy Special Slims,2022-01-04,8064.0,134,2022,1,1,4
Ches Bonnell,Australia,Mint Chip Choco,2022-02-21,9660.0,92,2022,1,2,21
Karlen McCaffrey,Australia,White Choc,2022-01-05,7357.0,48,2022,1,1,5
Beverie Moffet,India,Drinking Coco,2022-07-15,6055.0,46,2022,3,7,15
Brien Boise,Australia,Choco Coated Almonds,2022-05-25,5124.0,62,2022,2,5,25
Karlen McCaffrey,Canada,Eclairs,2022-04-20,3479.0,358,2022,2,4,20
Gigi Bohling,USA,99% Dark & Pure,2022-06-02,784.0,249,2022,2,6,2
Marney O'Breen,UK,Smooth Sliky Salty,2022-05-13,18991.0,88,2022,2,5,13
Beverie Moffet,New Zealand,Baker's Choco Chips,2022-08-03,1372.0,144,2022,3,8,3
Beverie Moffet,Australia,Milk Bars,2022-05-25,735.0,390,2022,2,5,25
Van Tuxwell,UK,Raspberry Choco,2022-03-16,6538.0,79,2022,1,3,16
Jan Morforth,Australia,Orange Choco,2022-07-04,3199.0,122,2022,3,7,4
Jehu Rudeforth,India,50% Dark Bites,2022-07-05,3472.0,135,2022,3,7,5
Madelene Upcott,USA,After Nines,2022-03-15,4571.0,430,2022,1,3,15
Barr Faughny,UK,Raspberry Choco,2022-08-22,5481.0,69,2022,3,8,22
Ches Bonnell,Australia,70% Dark Bites,2022-01-12,3136.0,125,2022,1,1,12
Marney O'Breen,UK,Baker's Choco Chips,2022-06-10,252.0,154,2022,2,6,10
Kaine Padly,Australia,Peanut Butter Cubes,2022-03-25,5460.0,286,2022,1,3,25
Rafaelita Blaksland,India,Almond Choco,2022-07-27,3395.0,99,2022,3,7,27
Husein Augar,UK,Caramel Stuffed Bars,2022-04-15,14938.0,433,2022,2,4,15
Roddy Speechley,India,Orange Choco,2022-06-27,4053.0,19,2022,2,6,27
Jehu Rudeforth,UK,70% Dark Bites,2022-04-14,5565.0,258,2022,2,4,14
Husein Augar,Australia,Manuka Honey Choco,2022-03-15,7161.0,92,2022,1,3,15
Madelene Upcott,USA,Eclairs,2022-03-18,8883.0,200,2022,1,3,18
Brien Boise,India,Eclairs,2022-04-29,1351.0,61,2022,2,4,29
Mallorie Waber,New Zealand,White Choc,2022-02-25,3171.0,246,2022,1,2,25
Husein Augar,USA,Milk Bars,2022-03-02,854.0,56,2022,1,3,2
Van Tuxwell,Australia,Milk Bars,2022-06-20,7910.0,87,2022,2,6,20
Beverie Moffet,Canada,White Choc,2022-07-15,9275.0,173,2022,3,7,15
Dotty Strutley,Australia,50% Dark Bites,2022-05-12,3108.0,252,2022,2,5,12
Mallorie Waber,New Zealand,Organic Choco Syrup,2022-07-01,5075.0,256,2022,3,7,1
Husein Augar,USA,85% Dark Bars,2022-08-08,378.0,54,2022,3,8,8
Madelene Upcott,Australia,50% Dark Bites,2022-07-25,7350.0,6,2022,3,7,25
Wilone O'Kielt,UK,Drinking Coco,2022-05-18,3388.0,55,2022,2,5,18
Camilla Castle,India,Peanut Butter Cubes,2022-07-15,11837.0,277,2022,3,7,15
Curtice Advani,India,70% Dark Bites,2022-07-05,2282.0,44,2022,3,7,5
Mallorie Waber,USA,Manuka Honey Choco,2022-07-04,5425.0,96,2022,3,7,4
Dotty Strutley,UK,70% Dark Bites,2022-06-20,1267.0,216,2022,2,6,20
Gunar Cockshoot,Australia,Almond Choco,2022-01-25,3752.0,424,2022,1,1,25
Kaine Padly,New Zealand,Spicy Special Slims,2022-07-01,7728.0,37,2022,3,7,1
Gigi Bohling,USA,50% Dark Bites,2022-04-13,2296.0,59,2022,2,4,13
Beverie Moffet,UK,Smooth Sliky Salty,2022-05-04,4403.0,76,2022,2,5,4
Beverie Moffet,Australia,Baker's Choco Chips,2022-08-04,3192.0,109,2022,3,8,4
Beverie Moffet,India,70% Dark Bites,2022-06-01,448.0,146,2022,2,6,1
Jehu Rudeforth,UK,Choco Coated Almonds,2022-04-22,4270.0,185,2022,2,4,22
Kaine Padly,USA,50% Dark Bites,2022-08-03,70.0,27,2022,3,8,3
Ches Bonnell,USA,Orange Choco,2022-06-10,1743.0,69,2022,2,6,10
Gunar Cockshoot,UK,Manuka Honey Choco,2022-06-27,6762.0,46,2022,2,6,27
Marney O'Breen,Australia,Smooth Sliky Salty,2022-01-03,3745.0,170,2022,1,1,3
Marney O'Breen,India,After Nines,2022-07-11,2639.0,179,2022,3,7,11
Ches Bonnell,New Zealand,Milk Bars,2022-08-17,4389.0,126,2022,3,8,17
Rafaelita Blaksland,USA,Fruit & Nut Bars,2022-01-18,2604.0,65,2022,1,1,18
Ches Bonnell,India,Organic Choco Syrup,2022-03-08,16569.0,99,2022,1,3,8
Mallorie Waber,Australia,Orange Choco,2022-03-07,14658.0,275,2022,1,3,7
Husein Augar,India,70% Dark Bites,2022-05-09,6454.0,157,2022,2,5,9
Barr Faughny,New Zealand,85% Dark Bars,2022-05-23,2100.0,157,2022,2,5,23
Madelene Upcott,UK,Caramel Stuffed Bars,2022-04-15,161.0,145,2022,2,4,15
Gigi Bohling,Australia,Drinking Coco,2022-07-27,2807.0,139,2022,3,7,27
Marney O'Breen,Canada,Choco Coated Almonds,2022-08-22,2639.0,406,2022,3,8,22
Ches Bonnell,USA,70% Dark Bites,2022-05-11,4571.0,122,2022,2,5,11
Madelene Upcott,India,Organic Choco Syrup,2022-01-26,4781.0,38,2022,1,1,26
Barr Faughny,USA,50% Dark Bites,2022-04-14,13034.0,117,2022,2,4,14
Dennison Crosswaite,New Zealand,Mint Chip Choco,2022-04-05,6454.0,417,2022,2,4,5
Marney O'Breen,New Zealand,Smooth Sliky Salty,2022-06-14,8484.0,57,2022,2,6,14
Brien Boise,Canada,Almond Choco,2022-04-13,4781.0,125,2022,2,4,13
Beverie Moffet,Australia,White Choc,2022-06-27,2240.0,166,2022,2,6,27
Dotty Strutley,Australia,Eclairs,2022-01-26,6979.0,3,2022,1,1,26
Barr Faughny,UK,White Choc,2022-07-05,1652.0,72,2022,3,7,5
Beverie Moffet,Canada,Baker's Choco Chips,2022-01-11,13447.0,95,2022,1,1,11
Kelci Walkden,USA,White Choc,2022-03-07,9422.0,22,2022,1,3,7
Kaine Padly,Canada,50% Dark Bites,2022-03-04,8687.0,100,2022,1,3,4
Karlen McCaffrey,Canada,Organic Choco Syrup,2022-07-15,2415.0,312,2022,3,7,15
Kaine Padly,UK,Peanut Butter Cubes,2022-05-11,6272.0,86,2022,2,5,11
Karlen McCaffrey,USA,Milk Bars,2022-01-27,4389.0,7,2022,1,1,27
Karlen McCaffrey,India,Orange Choco,2022-06-27,3122.0,149,2022,2,6,27
Ches Bonnell,India,Smooth Sliky Salty,2022-08-03,8043.0,18,2022,3,8,3
Wilone O'Kielt,New Zealand,Mint Chip Choco,2022-08-19,11662.0,242,2022,3,8,19
Wilone O'Kielt,Australia,Fruit & Nut Bars,2022-06-15,392.0,102,2022,2,6,15
Dennison Crosswaite,UK,Peanut Butter Cubes,2022-02-07,8925.0,158,2022,1,2,7
Karlen McCaffrey,Australia,Almond Choco,2022-07-08,7294.0,128,2022,3,7,8
Dennison Crosswaite,India,Milk Bars,2022-04-21,1526.0,96,2022,2,4,21
Ches Bonnell,UK,Mint Chip Choco,2022-04-08,2688.0,209,2022,2,4,8
Husein Augar,Australia,50% Dark Bites,2022-08-19,14889.0,52,2022,3,8,19
Jan Morforth,India,Fruit & Nut Bars,2022-05-04,2912.0,55,2022,2,5,4
Mallorie Waber,USA,85% Dark Bars,2022-05-11,2632.0,108,2022,2,5,11
Mallorie Waber,USA,Eclairs,2022-03-22,6328.0,51,2022,1,3,22
Dennison Crosswaite,Canada,Spicy Special Slims,2022-08-10,2527.0,216,2022,3,8,10
Dennison Crosswaite,USA,Fruit & Nut Bars,2022-05-04,1414.0,318,2022,2,5,4
Kelci Walkden,USA,99% Dark & Pure,2022-08-18,7714.0,238,2022,3,8,18
Dotty Strutley,Canada,Raspberry Choco,2022-08-03,4347.0,238,2022,3,8,3
Marney O'Breen,New Zealand,Milk Bars,2022-01-14,7490.0,315,2022,1,1,14
Madelene Upcott,Australia,Choco Coated Almonds,2022-04-08,2058.0,72,2022,2,4,8
Kelci Walkden,UK,Orange Choco,2022-08-01,3640.0,3,2022,3,8,1
Dennison Crosswaite,Canada,Eclairs,2022-03-15,455.0,45,2022,1,3,15
Karlen McCaffrey,India,Mint Chip Choco,2022-07-15,10990.0,184,2022,3,7,15
Barr Faughny,New Zealand,Almond Choco,2022-01-13,5558.0,127,2022,1,1,13
Mallorie Waber,Australia,85% Dark Bars,2022-08-26,2541.0,53,2022,3,8,26
Ches Bonnell,Canada,Eclairs,2022-01-10,1876.0,172,2022,1,1,10
Gigi Bohling,Australia,White Choc,2022-05-11,5523.0,87,2022,2,5,11
Beverie Moffet,New Zealand,85% Dark Bars,2022-08-30,11200.0,22,2022,3,8,30
Kaine Padly,USA,Caramel Stuffed Bars,2022-07-21,5593.0,122,2022,3,7,21
Mallorie Waber,Australia,Almond Choco,2022-08-01,7882.0,125,2022,3,8,1
Brien Boise,Canada,85% Dark Bars,2022-02-17,10241.0,259,2022,1,2,17
Brien Boise,Australia,Drinking Coco,2022-07-27,6832.0,156,2022,3,7,27
Dotty Strutley,USA,Orange Choco,2022-02-23,1379.0,107,2022,1,2,23
Rafaelita Blaksland,Australia,50% Dark Bites,2022-03-22,3010.0,40,2022,1,3,22
Dennison Crosswaite,India,99% Dark & Pure,2022-06-23,6888.0,311,2022,2,6,23
Curtice Advani,UK,White Choc,2022-02-01,1540.0,73,2022,1,2,1
Kelci Walkden,Australia,After Nines,2022-03-02,6916.0,288,2022,1,3,2
Gigi Bohling,UK,Fruit & Nut Bars,2022-04-06,1232.0,86,2022,2,4,6
Gunar Cockshoot,Australia,Raspberry Choco,2022-03-17,602.0,72,2022,1,3,17
Curtice Advani,UK,Fruit & Nut Bars,2022-06-24,10927.0,136,2022,2,6,24
Barr Faughny,Canada,50% Dark Bites,2022-07-19,10185.0,303,2022,3,7,19
Curtice Advani,USA,Spicy Special Slims,2022-07-11,1603.0,264,2022,3,7,11
Brien Boise,India,Almond Choco,2022-01-13,2170.0,218,2022,1,1,13
Oby Sorrel,New Zealand,Smooth Sliky Salty,2022-07-07,8673.0,60,2022,3,7,7
Jan Morforth,India,85% Dark Bars,2022-05-25,4760.0,418,2022,2,5,25
Marney O'Breen,India,Fruit & Nut Bars,2022-04-13,4753.0,151,2022,2,4,13
Andria Kimpton,New Zealand,50% Dark Bites,2022-03-02,3374.0,202,2022,1,3,2
Gunar Cockshoot,Canada,Raspberry Choco,2022-06-23,2058.0,126,2022,2,6,23
Kelci Walkden,USA,Drinking Coco,2022-07-26,6454.0,160,2022,3,7,26
Van Tuxwell,Canada,White Choc,2022-03-22,420.0,3,2022,1,3,22
Rafaelita Blaksland,USA,Baker's Choco Chips,2022-06-09,2863.0,58,2022,2,6,9
Van Tuxwell,Australia,Caramel Stuffed Bars,2022-05-17,5936.0,59,2022,2,5,17
Ches Bonnell,New Zealand,Peanut Butter Cubes,2022-03-04,889.0,273,2022,1,3,4
Kelci Walkden,Canada,Milk Bars,2022-07-07,16016.0,28,2022,3,7,7
Dennison Crosswaite,Canada,Choco Coated Almonds,2022-01-13,10479.0,118,2022,1,1,13
Curtice Advani,Australia,Almond Choco,2022-07-13,2912.0,75,2022,3,7,13
Madelene Upcott,Australia,85% Dark Bars,2022-06-16,1575.0,329,2022,2,6,16
Gigi Bohling,UK,50% Dark Bites,2022-07-18,8197.0,69,2022,3,7,18
Ches Bonnell,UK,Manuka Honey Choco,2022-05-30,4221.0,395,2022,2,5,30
Gigi Bohling,UK,70% Dark Bites,2022-06-21,840.0,81,2022,2,6,21
Jehu Rudeforth,Australia,Peanut Butter Cubes,2022-06-24,5691.0,38,2022,2,6,24
Marney O'Breen,India,Eclairs,2022-01-13,3472.0,96,2022,1,1,13
Curtice Advani,Canada,Fruit & Nut Bars,2022-04-04,4193.0,195,2022,2,4,4
Kaine Padly,UK,Smooth Sliky Salty,2022-06-08,9016.0,554,2022,2,6,8
Karlen McCaffrey,Canada,Spicy Special Slims,2022-08-02,6328.0,47,2022,3,8,2
Kelci Walkden,USA,Organic Choco Syrup,2022-07-21,9870.0,152,2022,3,7,21
Curtice Advani,India,Spicy Special Slims,2022-06-20,161.0,134,2022,2,6,20
Roddy Speechley,India,After Nines,2022-06-22,2576.0,112,2022,2,6,22
Camilla Castle,Australia,Caramel Stuffed Bars,2022-05-02,3178.0,16,2022,2,5,2
Curtice Advani,Australia,99% Dark & Pure,2022-01-07,4676.0,84,2022,1,1,7
Mallorie Waber,UK,50% Dark Bites,2022-02-21,5502.0,99,2022,1,2,21
Ches Bonnell,Canada,Baker's Choco Chips,2022-03-21,7462.0,371,2022,1,3,21
Van Tuxwell,UK,Drinking Coco,2022-04-04,5803.0,136,2022,2,4,4
Gunar Cockshoot,Canada,Fruit & Nut Bars,2022-03-24,13888.0,203,2022,1,3,24
Gunar Cockshoot,New Zealand,Spicy Special Slims,2022-06-28,6867.0,183,2022,2,6,28
Gunar Cockshoot,Australia,Drinking Coco,2022-01-14,2317.0,195,2022,1,1,14
Karlen McCaffrey,New Zealand,Fruit & Nut Bars,2022-02-07,1218.0,135,2022,1,2,7
Dennison Crosswaite,New Zealand,Drinking Coco,2022-01-11,4109.0,197,2022,1,1,11
Jehu Rudeforth,India,99% Dark & Pure,2022-02-25,1953.0,242,2022,1,2,25
Dotty Strutley,Australia,Mint Chip Choco,2022-08-01,6790.0,25,2022,3,8,1
Roddy Speechley,Australia,Mint Chip Choco,2022-05-05,6797.0,252,2022,2,5,5
Madelene Upcott,New Zealand,Raspberry Choco,2022-05-18,9226.0,415,2022,2,5,18
Dotty Strutley,New Zealand,Choco Coated Almonds,2022-01-04,5733.0,348,2022,1,1,4
Roddy Speechley,New Zealand,50% Dark Bites,2022-05-09,4312.0,211,2022,2,5,9
Rafaelita Blaksland,India,Smooth Sliky Salty,2022-05-06,1638.0,81,2022,2,5,6
Husein Augar,UK,White Choc,2022-01-13,10815.0,145,2022,1,1,13
Roddy Speechley,Australia,Almond Choco,2022-06-24,4466.0,74,2022,2,6,24
Van Tuxwell,USA,Caramel Stuffed Bars,2022-02-14,987.0,21,2022,1,2,14
Camilla Castle,Australia,99% Dark & Pure,2022-01-18,4669.0,101,2022,1,1,18
Kaine Padly,India,Milk Bars,2022-05-02,2905.0,91,2022,2,5,2
Ches Bonnell,Australia,Smooth Sliky Salty,2022-05-16,7490.0,54,2022,2,5,16
Mallorie Waber,USA,Almond Choco,2022-01-28,6986.0,368,2022,1,1,28
Kaine Padly,Canada,99% Dark & Pure,2022-06-24,1288.0,409,2022,2,6,24
Oby Sorrel,UK,After Nines,2022-07-18,2345.0,104,2022,3,7,18
Gunar Cockshoot,UK,Eclairs,2022-04-13,3619.0,164,2022,2,4,13
Dotty Strutley,USA,Caramel Stuffed Bars,2022-04-15,16982.0,76,2022,2,4,15
Jan Morforth,India,Peanut Butter Cubes,2022-01-04,8092.0,178,2022,1,1,4
Husein Augar,Australia,Eclairs,2022-07-04,6993.0,31,2022,3,7,4
Beverie Moffet,USA,Smooth Sliky Salty,2022-03-24,2317.0,352,2022,1,3,24
Camilla Castle,Australia,Manuka Honey Choco,2022-03-17,637.0,169,2022,1,3,17
Oby Sorrel,Australia,Almond Choco,2022-02-15,6034.0,223,2022,1,2,15
Jan Morforth,USA,Orange Choco,2022-06-29,980.0,146,2022,2,6,29
Gigi Bohling,USA,Fruit & Nut Bars,2022-05-24,2821.0,112,2022,2,5,24
Mallorie Waber,UK,Milk Bars,2022-01-10,3563.0,284,2022,1,1,10
Curtice Advani,USA,Raspberry Choco,2022-03-15,2996.0,139,2022,1,3,15
Marney O'Breen,Canada,Milk Bars,2022-02-08,2436.0,309,2022,1,2,8
Brien Boise,India,Caramel Stuffed Bars,2022-02-25,1540.0,100,2022,1,2,25
Gunar Cockshoot,USA,Eclairs,2022-05-03,6916.0,42,2022,2,5,3
Roddy Speechley,USA,Fruit & Nut Bars,2022-06-14,5509.0,24,2022,2,6,14
Gunar Cockshoot,India,50% Dark Bites,2022-08-09,12992.0,83,2022,3,8,9
Wilone O'Kielt,New Zealand,Manuka Honey Choco,2022-07-11,3724.0,234,2022,3,7,11
Kaine Padly,UK,Manuka Honey Choco,2022-01-14,7133.0,118,2022,1,1,14
Van Tuxwell,Canada,Manuka Honey Choco,2022-02-24,8617.0,46,2022,1,2,24
Wilone O'Kielt,New Zealand,Almond Choco,2022-03-15,9198.0,144,2022,1,3,15
Oby Sorrel,New Zealand,Baker's Choco Chips,2022-04-25,11823.0,47,2022,2,4,25
Dennison Crosswaite,Australia,Organic Choco Syrup,2022-05-10,5775.0,41,2022,2,5,10
Marney O'Breen,Australia,Spicy Special Slims,2022-06-23,13125.0,275,2022,2,6,23
Beverie Moffet,Canada,Smooth Sliky Salty,2022-02-28,14287.0,370,2022,1,2,28
Brien Boise,USA,Organic Choco Syrup,2022-05-25,16233.0,138,2022,2,5,25
Roddy Speechley,New Zealand,Baker's Choco Chips,2022-02-22,5313.0,215,2022,1,2,22
Van Tuxwell,UK,85% Dark Bars,2022-07-11,3577.0,134,2022,3,7,11
Marney O'Breen,Canada,Spicy Special Slims,2022-01-03,3528.0,336,2022,1,1,3
Rafaelita Blaksland,New Zealand,70% Dark Bites,2022-08-24,679.0,280,2022,3,8,24
Beverie Moffet,USA,50% Dark Bites,2022-07-28,2450.0,352,2022,3,7,28
Brien Boise,USA,Mint Chip Choco,2022-05-25,10577.0,150,2022,2,5,25
Karlen McCaffrey,New Zealand,Eclairs,2022-05-06,2597.0,177,2022,2,5,6
Barr Faughny,India,Drinking Coco,2022-01-28,2219.0,142,2022,1,1,28
Marney O'Breen,UK,Orange Choco,2022-06-06,11319.0,12,2022,2,6,6
Brien Boise,New Zealand,Baker's Choco Chips,2022-07-12,5978.0,24,2022,3,7,12
Ches Bonnell,Canada,Spicy Special Slims,2022-08-05,5327.0,183,2022,3,8,5
Brien Boise,USA,Orange Choco,2022-01-28,6020.0,147,2022,1,1,28
Kaine Padly,India,Spicy Special Slims,2022-08-31,5614.0,137,2022,3,8,31
Mallorie Waber,USA,50% Dark Bites,2022-04-19,1736.0,13,2022,2,4,19
Mallorie Waber,UK,Mint Chip Choco,2022-06-29,6384.0,2,2022,2,6,29
Beverie Moffet,India,Choco Coated Almonds,2022-02-24,3577.0,261,2022,1,2,24
Madelene Upcott,UK,Smooth Sliky Salty,2022-03-04,14539.0,84,2022,1,3,4
Gigi Bohling,India,Eclairs,2022-06-21,3493.0,68,2022,2,6,21
Rafaelita Blaksland,Australia,Organic Choco Syrup,2022-01-26,994.0,105,2022,1,1,26
Oby Sorrel,New Zealand,White Choc,2022-06-10,4361.0,40,2022,2,6,10
Andria Kimpton,UK,Drinking Coco,2022-05-23,1554.0,65,2022,2,5,23
Kelci Walkden,India,Milk Bars,2022-04-15,966.0,107,2022,2,4,15
Karlen McCaffrey,New Zealand,Caramel Stuffed Bars,2022-01-31,5334.0,227,2022,1,1,31
Andria Kimpton,New Zealand,Organic Choco Syrup,2022-03-04,4935.0,39,2022,1,3,4
Barr Faughny,New Zealand,After Nines,2022-04-19,10024.0,84,2022,2,4,19
Beverie Moffet,UK,Almond Choco,2022-05-16,2506.0,100,2022,2,5,16
Oby Sorrel,Australia,Raspberry Choco,2022-02-17,1043.0,120,2022,1,2,17
Dennison Crosswaite,USA,Raspberry Choco,2022-01-18,6524.0,257,2022,1,1,18
Roddy Speechley,Canada,Orange Choco,2022-02-09,8148.0,85,2022,1,2,9
Mallorie Waber,Canada,Orange Choco,2022-03-23,3577.0,178,2022,1,3,23
Madelene Upcott,New Zealand,Caramel Stuffed Bars,2022-02-01,3374.0,151,2022,1,2,1
Mallorie Waber,India,Drinking Coco,2022-03-07,3948.0,142,2022,1,3,7
Ches Bonnell,UK,White Choc,2022-01-03,3269.0,226,2022,1,1,3
Ches Bonnell,USA,White Choc,2022-02-11,5271.0,341,2022,1,2,11
Dennison Crosswaite,New Zealand,Orange Choco,2022-03-16,4571.0,140,2022,1,3,16
Dotty Strutley,India,White Choc,2022-08-15,12327.0,330,2022,3,8,15
Gigi Bohling,India,Manuka Honey Choco,2022-05-12,4935.0,73,2022,2,5,12
Van Tuxwell,India,Spicy Special Slims,2022-04-11,6167.0,4,2022,2,4,11
Jan Morforth,New Zealand,Mint Chip Choco,2022-06-30,18340.0,285,2022,2,6,30
Dotty Strutley,New Zealand,White Choc,2022-06-15,7014.0,60,2022,2,6,15
Rafaelita Blaksland,Canada,Caramel Stuffed Bars,2022-08-01,7119.0,101,2022,3,8,1
Kaine Padly,USA,Milk Bars,2022-06-15,15491.0,58,2022,2,6,15
Brien Boise,India,After Nines,2022-06-16,5747.0,45,2022,2,6,16
Oby Sorrel,New Zealand,Raspberry Choco,2022-05-13,4550.0,281,2022,2,5,13
Dennison Crosswaite,USA,Drinking Coco,2022-05-10,2191.0,138,2022,2,5,10
Oby Sorrel,India,Eclairs,2022-08-25,5663.0,322,2022,3,8,25
Ches Bonnell,New Zealand,Organic Choco Syrup,2022-07-15,7623.0,85,2022,3,7,15
Gigi Bohling,UK,Baker's Choco Chips,2022-05-16,9023.0,409,2022,2,5,16
Jan Morforth,Australia,50% Dark Bites,2022-06-14,3402.0,182,2022,2,6,14
Beverie Moffet,Australia,Smooth Sliky Salty,2022-01-25,10507.0,467,2022,1,1,25
Ches Bonnell,USA,Organic Choco Syrup,2022-07-28,7721.0,14,2022,3,7,28
Brien Boise,Canada,Mint Chip Choco,2022-01-28,5033.0,178,2022,1,1,28
Kaine Padly,UK,Orange Choco,2022-06-29,1960.0,191,2022,2,6,29
Karlen McCaffrey,Australia,70% Dark Bites,2022-06-24,238.0,317,2022,2,6,24
Gunar Cockshoot,Canada,Mint Chip Choco,2022-07-01,7756.0,410,2022,3,7,1
Roddy Speechley,USA,Peanut Butter Cubes,2022-02-25,1736.0,137,2022,1,2,25
Curtice Advani,Canada,Smooth Sliky Salty,2022-08-01,2660.0,12,2022,3,8,1
Oby Sorrel,Australia,Milk Bars,2022-06-21,7672.0,254,2022,2,6,21
Camilla Castle,New Zealand,Spicy Special Slims,2022-01-25,11564.0,24,2022,1,1,25
Gigi Bohling,UK,Milk Bars,2022-05-17,1365.0,232,2022,2,5,17
Andria Kimpton,Australia,85% Dark Bars,2022-08-23,4186.0,233,2022,3,8,23
Camilla Castle,Australia,Smooth Sliky Salty,2022-03-03,7406.0,118,2022,1,3,3
Roddy Speechley,India,Caramel Stuffed Bars,2022-05-30,8911.0,543,2022,2,5,30
Karlen McCaffrey,USA,Drinking Coco,2022-06-29,112.0,223,2022,2,6,29
Andria Kimpton,Canada,Organic Choco Syrup,2022-01-04,8204.0,204,2022,1,1,4
Jehu Rudeforth,Australia,Drinking Coco,2022-01-14,2611.0,65,2022,1,1,14
Karlen McCaffrey,USA,Mint Chip Choco,2022-02-15,15652.0,53,2022,1,2,15
Curtice Advani,New Zealand,Spicy Special Slims,2022-01-10,4074.0,469,2022,1,1,10
Madelene Upcott,USA,White Choc,2022-05-04,12250.0,213,2022,2,5,4
Andria Kimpton,USA,Spicy Special Slims,2022-05-23,2366.0,5,2022,2,5,23
Barr Faughny,New Zealand,Fruit & Nut Bars,2022-04-26,1687.0,147,2022,2,4,26
Oby Sorrel,Canada,Organic Choco Syrup,2022-07-05,1232.0,74,2022,3,7,5
Madelene Upcott,UK,Organic Choco Syrup,2022-07-21,6965.0,163,2022,3,7,21
Dotty Strutley,USA,Mint Chip Choco,2022-02-21,5292.0,248,2022,1,2,21
Kelci Walkden,USA,Orange Choco,2022-02-03,1379.0,138,2022,1,2,3
Gigi Bohling,Australia,Caramel Stuffed Bars,2022-07-08,8001.0,151,2022,3,7,8
Mallorie Waber,India,50% Dark Bites,2022-05-31,588.0,139,2022,2,5,31
Van Tuxwell,New Zealand,Mint Chip Choco,2022-06-27,4046.0,103,2022,2,6,27
Van Tuxwell,India,50% Dark Bites,2022-05-13,5103.0,129,2022,2,5,13
Van Tuxwell,USA,Manuka Honey Choco,2022-05-31,2317.0,102,2022,2,5,31
Wilone O'Kielt,USA,Orange Choco,2022-02-28,7042.0,37,2022,1,2,28
Barr Faughny,New Zealand,Eclairs,2022-03-28,6713.0,31,2022,1,3,28
Gigi Bohling,USA,After Nines,2022-01-14,1848.0,227,2022,1,1,14
Barr Faughny,New Zealand,Mint Chip Choco,2022-02-21,6440.0,145,2022,1,2,21
Dennison Crosswaite,Canada,85% Dark Bars,2022-08-01,10885.0,90,2022,3,8,1
Beverie Moffet,New Zealand,Smooth Sliky Salty,2022-05-19,2387.0,59,2022,2,5,19
Husein Augar,USA,White Choc,2022-07-13,2030.0,60,2022,3,7,13
Andria Kimpton,Australia,Peanut Butter Cubes,2022-04-20,6678.0,148,2022,2,4,20
Dennison Crosswaite,India,85% Dark Bars,2022-06-30,4515.0,22,2022,2,6,30
Curtice Advani,UK,50% Dark Bites,2022-03-08,3374.0,142,2022,1,3,8
Gunar Cockshoot,USA,Fruit & Nut Bars,2022-03-09,5852.0,93,2022,1,3,9
Oby Sorrel,Canada,Raspberry Choco,2022-06-16,1750.0,208,2022,2,6,16
Gigi Bohling,UK,Drinking Coco,2022-06-30,5782.0,42,2022,2,6,30
Kelci Walkden,India,Mint Chip Choco,2022-07-28,2870.0,120,2022,3,7,28
Karlen McCaffrey,Canada,Peanut Butter Cubes,2022-08-12,3094.0,159,2022,3,8,12
Barr Faughny,UK,Mint Chip Choco,2022-07-07,3724.0,316,2022,3,7,7
Barr Faughny,USA,85% Dark Bars,2022-08-25,12761.0,47,2022,3,8,25
Husein Augar,Canada,Eclairs,2022-01-17,3696.0,233,2022,1,1,17
Jan Morforth,Australia,70% Dark Bites,2022-03-04,5222.0,384,2022,1,3,4
Marney O'Breen,New Zealand,Fruit & Nut Bars,2022-08-25,8939.0,4,2022,3,8,25
Ches Bonnell,UK,Peanut Butter Cubes,2022-04-15,2156.0,260,2022,2,4,15
Kaine Padly,USA,Organic Choco Syrup,2022-03-11,2380.0,22,2022,1,3,11
Camilla Castle,USA,Raspberry Choco,2022-05-20,3339.0,18,2022,2,5,20
Brien Boise,New Zealand,Manuka Honey Choco,2022-06-14,14980.0,42,2022,2,6,14
Jehu Rudeforth,New Zealand,After Nines,2022-04-14,1512.0,73,2022,2,4,14
Jehu Rudeforth,USA,Smooth Sliky Salty,2022-07-07,6657.0,154,2022,3,7,7
Madelene Upcott,India,Mint Chip Choco,2022-08-24,3836.0,71,2022,3,8,24
Jehu Rudeforth,India,Eclairs,2022-02-24,8771.0,127,2022,1,2,24
Karlen McCaffrey,Canada,Raspberry Choco,2022-05-09,651.0,224,2022,2,5,9
Kaine Padly,Australia,70% Dark Bites,2022-02-08,6706.0,223,2022,1,2,8
Roddy Speechley,UK,70% Dark Bites,2022-03-24,1421.0,284,2022,1,3,24
Rafaelita Blaksland,USA,Drinking Coco,2022-06-20,8526.0,73,2022,2,6,20
Mallorie Waber,Canada,Manuka Honey Choco,2022-03-07,1435.0,112,2022,1,3,7
Kaine Padly,Australia,Fruit & Nut Bars,2022-06-20,7434.0,85,2022,2,6,20
Oby Sorrel,New Zealand,Organic Choco Syrup,2022-02-17,15316.0,270,2022,1,2,17
Madelene Upcott,UK,99% Dark & Pure,2022-01-26,10479.0,45,2022,1,1,26
Madelene Upcott,Australia,Mint Chip Choco,2022-05-02,2751.0,153,2022,2,5,2
Curtice Advani,Canada,99% Dark & Pure,2022-07-07,12586.0,7,2022,3,7,7
Rafaelita Blaksland,Australia,Baker's Choco Chips,2022-08-22,2786.0,51,2022,3,8,22
Karlen McCaffrey,Australia,After Nines,2022-08-11,2303.0,67,2022,3,8,11
Marney O'Breen,UK,99% Dark & Pure,2022-01-13,8113.0,194,2022,1,1,13
Gunar Cockshoot,Australia,50% Dark Bites,2022-03-02,12271.0,116,2022,1,3,2
Marney O'Breen,Australia,Choco Coated Almonds,2022-07-27,11298.0,41,2022,3,7,27
Kelci Walkden,New Zealand,Drinking Coco,2022-03-10,15855.0,111,2022,1,3,10
Beverie Moffet,USA,85% Dark Bars,2022-08-23,12404.0,334,2022,3,8,23
Roddy Speechley,USA,Eclairs,2022-04-25,3990.0,155,2022,2,4,25
Dennison Crosswaite,UK,Milk Bars,2022-03-07,10808.0,407,2022,1,3,7
Wilone O'Kielt,UK,Organic Choco Syrup,2022-07-12,4858.0,52,2022,3,7,12
Madelene Upcott,USA,Orange Choco,2022-05-16,7742.0,138,2022,2,5,16
Gunar Cockshoot,India,Smooth Sliky Salty,2022-03-02,3752.0,70,2022,1,3,2
Marney O'Breen,New Zealand,85% Dark Bars,2022-05-30,1218.0,149,2022,2,5,30
Marney O'Breen,UK,Manuka Honey Choco,2022-06-10,10983.0,179,2022,2,6,10
Brien Boise,USA,99% Dark & Pure,2022-07-25,6769.0,353,2022,3,7,25
Beverie Moffet,New Zealand,Mint Chip Choco,2022-06-09,4361.0,97,2022,2,6,9
Dennison Crosswaite,USA,Milk Bars,2022-05-12,777.0,60,2022,2,5,12
Gunar Cockshoot,USA,Drinking Coco,2022-05-09,3843.0,5,2022,2,5,9
Brien Boise,Canada,Manuka Honey Choco,2022-08-09,6930.0,182,2022,3,8,9
Van Tuxwell,India,Choco Coated Almonds,2022-04-13,5733.0,114,2022,2,4,13
Andria Kimpton,USA,Caramel Stuffed Bars,2022-05-02,8393.0,46,2022,2,5,2
Dotty Strutley,USA,99% Dark & Pure,2022-08-09,3822.0,320,2022,3,8,9
Camilla Castle,Australia,Raspberry Choco,2022-08-23,6342.0,178,2022,3,8,23
Gunar Cockshoot,India,Spicy Special Slims,2022-05-13,6510.0,170,2022,2,5,13
Karlen McCaffrey,USA,Manuka Honey Choco,2022-02-01,10171.0,67,2022,1,2,1
Camilla Castle,USA,50% Dark Bites,2022-06-23,5908.0,301,2022,2,6,23
Madelene Upcott,UK,Choco Coated Almonds,2022-05-24,10164.0,134,2022,2,5,24
Jan Morforth,Canada,Mint Chip Choco,2022-04-01,1064.0,211,2022,2,4,1
Camilla Castle,Canada,70% Dark Bites,2022-07-27,9716.0,151,2022,3,7,27
Ches Bonnell,India,Peanut Butter Cubes,2022-01-27,22050.0,208,2022,1,1,27
Jan Morforth,India,Choco Coated Almonds,2022-08-12,2541.0,134,2022,3,8,12
Gigi Bohling,Canada,Almond Choco,2022-02-01,9989.0,49,2022,1,2,1
Rafaelita Blaksland,India,After Nines,2022-03-02,4739.0,204,2022,1,3,2
Kelci Walkden,Australia,99% Dark & Pure,2022-06-30,3185.0,34,2022,2,6,30
Dotty Strutley,Australia,Spicy Special Slims,2022-01-17,8225.0,91,2022,1,1,17
Brien Boise,USA,Milk Bars,2022-07-07,14301.0,130,2022,3,7,7
Mallorie Waber,New Zealand,Mint Chip Choco,2022-01-31,1316.0,107,2022,1,1,31
Beverie Moffet,UK,99% Dark & Pure,2022-08-10,3486.0,121,2022,3,8,10
Beverie Moffet,USA,Peanut Butter Cubes,2022-08-18,13930.0,339,2022,3,8,18
Brien Boise,New Zealand,White Choc,2022-06-15,5509.0,321,2022,2,6,15
Marney O'Breen,USA,Baker's Choco Chips,2022-01-26,8470.0,9,2022,1,1,26
Kelci Walkden,USA,Spicy Special Slims,2022-04-29,77.0,69,2022,2,4,29
Mallorie Waber,Canada,White Choc,2022-03-03,3381.0,72,2022,1,3,3
Kaine Padly,Australia,Almond Choco,2022-02-22,4102.0,392,2022,1,2,22
Oby Sorrel,USA,Smooth Sliky Salty,2022-03-04,3577.0,158,2022,1,3,4
Dennison Crosswaite,India,Smooth Sliky Salty,2022-07-07,2975.0,9,2022,3,7,7
Camilla Castle,New Zealand,Caramel Stuffed Bars,2022-06-17,4137.0,347,2022,2,6,17
Jan Morforth,Canada,Caramel Stuffed Bars,2022-08-02,9541.0,114,2022,3,8,2
Oby Sorrel,USA,Baker's Choco Chips,2022-08-12,8001.0,120,2022,3,8,12
Madelene Upcott,New Zealand,Peanut Butter Cubes,2022-01-28,5152.0,333,2022,1,1,28
Kelci Walkden,Australia,Orange Choco,2022-04-29,11116.0,432,2022,2,4,29
Marney O'Breen,Australia,Manuka Honey Choco,2022-04-05,13076.0,236,2022,2,4,5
Kaine Padly,Canada,Manuka Honey Choco,2022-01-18,10213.0,135,2022,1,1,18
Jehu Rudeforth,UK,Baker's Choco Chips,2022-05-16,2485.0,97,2022,2,5,16
Kelci Walkden,Australia,White Choc,2022-08-24,8715.0,168,2022,3,8,24
Curtice Advani,India,85% Dark Bars,2022-01-18,273.0,402,2022,1,1,18
Kaine Padly,USA,Eclairs,2022-08-22,7623.0,10,2022,3,8,22
Gunar Cockshoot,UK,99% Dark & Pure,2022-03-07,7.0,84,2022,1,3,7
Beverie Moffet,UK,Choco Coated Almonds,2022-03-04,3010.0,69,2022,1,3,4
Dotty Strutley,Canada,Manuka Honey Choco,2022-04-22,11550.0,111,2022,2,4,22
Kaine Padly,Australia,Milk Bars,2022-06-09,4046.0,89,2022,2,6,9
Jan Morforth,Canada,Fruit & Nut Bars,2022-07-25,8904.0,199,2022,3,7,25
Jan Morforth,India,Smooth Sliky Salty,2022-08-03,11298.0,89,2022,3,8,3
Rafaelita Blaksland,Australia,Manuka Honey Choco,2022-08-03,4396.0,131,2022,3,8,3
Jehu Rudeforth,UK,Milk Bars,2022-05-03,12068.0,227,2022,2,5,3
Husein Augar,Canada,After Nines,2022-01-19,9772.0,301,2022,1,1,19
Roddy Speechley,USA,50% Dark Bites,2022-02-11,10458.0,316,2022,1,2,11
Van Tuxwell,India,Almond Choco,2022-06-14,6426.0,390,2022,2,6,14
Kelci Walkden,USA,50% Dark Bites,2022-03-23,6188.0,223,2022,1,3,23
Madelene Upcott,Canada,85% Dark Bars,2022-02-17,7504.0,101,2022,1,2,17
Dennison Crosswaite,Canada,Smooth Sliky Salty,2022-03-17,1750.0,479,2022,1,3,17
Mallorie Waber,Australia,Spicy Special Slims,2022-06-29,5439.0,287,2022,2,6,29
Ches Bonnell,Canada,Choco Coated Almonds,2022-08-24,15547.0,269,2022,3,8,24
Gigi Bohling,Canada,Spicy Special Slims,2022-07-04,11956.0,277,2022,3,7,4
Roddy Speechley,New Zealand,Almond Choco,2022-03-28,2723.0,67,2022,1,3,28
Curtice Advani,India,Smooth Sliky Salty,2022-04-19,19327.0,135,2022,2,4,19
Ches Bonnell,New Zealand,Mint Chip Choco,2022-01-18,9058.0,229,2022,1,1,18
Van Tuxwell,New Zealand,Fruit & Nut Bars,2022-01-17,2996.0,88,2022,1,1,17
Andria Kimpton,New Zealand,Mint Chip Choco,2022-02-15,8848.0,211,2022,1,2,15
Andria Kimpton,UK,Milk Bars,2022-02-11,14336.0,293,2022,1,2,11
Camilla Castle,USA,Manuka Honey Choco,2022-03-21,16401.0,179,2022,1,3,21
Gunar Cockshoot,New Zealand,Almond Choco,2022-01-05,5173.0,129,2022,1,1,5
Brien Boise,India,Raspberry Choco,2022-05-30,6328.0,164,2022,2,5,30
Jehu Rudeforth,USA,99% Dark & Pure,2022-01-04,2534.0,219,2022,1,1,4
Beverie Moffet,Australia,Fruit & Nut Bars,2022-04-22,1435.0,258,2022,2,4,22
Gigi Bohling,Canada,Milk Bars,2022-02-10,3052.0,116,2022,1,2,10
Dotty Strutley,India,Spicy Special Slims,2022-08-12,910.0,204,2022,3,8,12
Gunar Cockshoot,USA,Organic Choco Syrup,2022-08-10,2331.0,321,2022,3,8,10
Kelci Walkden,Australia,Raspberry Choco,2022-06-07,679.0,56,2022,2,6,7
Jehu Rudeforth,India,Baker's Choco Chips,2022-06-06,2086.0,74,2022,2,6,6
Karlen McCaffrey,New Zealand,Baker's Choco Chips,2022-04-05,5012.0,189,2022,2,4,5
Wilone O'Kielt,USA,50% Dark Bites,2022-04-18,4501.0,131,2022,2,4,18
Andria Kimpton,India,50% Dark Bites,2022-01-31,13482.0,15,2022,1,1,31
Madelene Upcott,USA,Baker's Choco Chips,2022-08-22,5621.0,140,2022,3,8,22
Jehu Rudeforth,Australia,99% Dark & Pure,2022-02-25,10486.0,198,2022,1,2,25
Jan Morforth,Australia,Mint Chip Choco,2022-02-22,17626.0,103,2022,1,2,22
Oby Sorrel,New Zealand,Milk Bars,2022-01-12,4494.0,187,2022,1,1,12
Brien Boise,UK,Almond Choco,2022-05-25,105.0,125,2022,2,5,25
Kelci Walkden,India,Smooth Sliky Salty,2022-02-01,2464.0,8,2022,1,2,1
Rafaelita Blaksland,UK,Eclairs,2022-04-27,1379.0,70,2022,2,4,27
Gigi Bohling,USA,Smooth Sliky Salty,2022-07-22,2583.0,126,2022,3,7,22
Curtice Advani,New Zealand,Mint Chip Choco,2022-01-26,3220.0,265,2022,1,1,26
Curtice Advani,USA,Mint Chip Choco,2022-08-24,4802.0,296,2022,3,8,24
Madelene Upcott,New Zealand,Fruit & Nut Bars,2022-01-18,5677.0,21,2022,1,1,18
Karlen McCaffrey,India,85% Dark Bars,2022-03-30,945.0,83,2022,1,3,30
Ches Bonnell,Australia,Caramel Stuffed Bars,2022-01-17,8757.0,162,2022,1,1,17
Kelci Walkden,USA,Fruit & Nut Bars,2022-02-17,4816.0,145,2022,1,2,17
Kelci Walkden,Canada,Peanut Butter Cubes,2022-04-08,7532.0,44,2022,2,4,8
Gigi Bohling,Canada,Drinking Coco,2022-07-06,3549.0,82,2022,3,7,6
Husein Augar,India,Fruit & Nut Bars,2022-04-04,4340.0,226,2022,2,4,4
Jan Morforth,New Zealand,Organic Choco Syrup,2022-03-02,1799.0,207,2022,1,3,2
Gigi Bohling,New Zealand,Raspberry Choco,2022-08-09,1127.0,176,2022,3,8,9
Dennison Crosswaite,Australia,Milk Bars,2022-06-09,10038.0,286,2022,2,6,9
Ches Bonnell,UK,Caramel Stuffed Bars,2022-06-02,2926.0,300,2022,2,6,2
Van Tuxwell,USA,Fruit & Nut Bars,2022-07-05,6279.0,235,2022,3,7,5
Andria Kimpton,Canada,Eclairs,2022-08-11,308.0,125,2022,3,8,11
Madelene Upcott,India,Choco Coated Almonds,2022-02-11,3500.0,145,2022,1,2,11
Kelci Walkden,New Zealand,Spicy Special Slims,2022-08-11,658.0,65,2022,3,8,11
Roddy Speechley,Australia,Drinking Coco,2022-05-12,12565.0,102,2022,2,5,12
Wilone O'Kielt,USA,Milk Bars,2022-07-15,5012.0,93,2022,3,7,15
Andria Kimpton,India,Organic Choco Syrup,2022-01-18,3955.0,134,2022,1,1,18
Madelene Upcott,UK,Fruit & Nut Bars,2022-01-05,8512.0,189,2022,1,1,5
Curtice Advani,Australia,50% Dark Bites,2022-06-29,504.0,232,2022,2,6,29
Brien Boise,Canada,Raspberry Choco,2022-06-14,2800.0,45,2022,2,6,14
Gunar Cockshoot,India,Mint Chip Choco,2022-08-08,4256.0,67,2022,3,8,8
Dennison Crosswaite,India,Mint Chip Choco,2022-03-23,13573.0,138,2022,1,3,23
Barr Faughny,India,Caramel Stuffed Bars,2022-01-04,6566.0,99,2022,1,1,4
Brien Boise,India,Milk Bars,2022-02-22,13503.0,251,2022,1,2,22
Beverie Moffet,UK,Spicy Special Slims,2022-02-17,8680.0,252,2022,1,2,17
Barr Faughny,USA,Almond Choco,2022-02-03,385.0,78,2022,1,2,3
Van Tuxwell,Canada,Raspberry Choco,2022-03-17,1267.0,130,2022,1,3,17
Wilone O'Kielt,Australia,Baker's Choco Chips,2022-01-25,2961.0,154,2022,1,1,25
Brien Boise,Australia,Milk Bars,2022-07-27,1981.0,52,2022,3,7,27
Husein Augar,Australia,Fruit & Nut Bars,2022-01-28,7959.0,53,2022,1,1,28
Madelene Upcott,Australia,Organic Choco Syrup,2022-07-05,10794.0,50,2022,3,7,5
Van Tuxwell,India,White Choc,2022-03-15,1897.0,44,2022,1,3,15
Gunar Cockshoot,Canada,After Nines,2022-08-04,2744.0,200,2022,3,8,4
Jan Morforth,USA,Fruit & Nut Bars,2022-06-27,4382.0,361,2022,2,6,27
Jan Morforth,Canada,After Nines,2022-07-13,4515.0,172,2022,3,7,13
Barr Faughny,New Zealand,Manuka Honey Choco,2022-02-24,5474.0,239,2022,1,2,24
Karlen McCaffrey,New Zealand,85% Dark Bars,2022-06-28,6069.0,55,2022,2,6,28
Oby Sorrel,Australia,85% Dark Bars,2022-06-30,6944.0,27,2022,2,6,30
Curtice Advani,Canada,Choco Coated Almonds,2022-08-18,5859.0,7,2022,3,8,18
Kaine Padly,India,70% Dark Bites,2022-01-24,12173.0,301,2022,1,1,24
Beverie Moffet,USA,White Choc,2022-03-11,5292.0,134,2022,1,3,11
Ches Bonnell,New Zealand,After Nines,2022-06-23,5705.0,350,2022,2,6,23
Husein Augar,India,Spicy Special Slims,2022-08-22,2492.0,33,2022,3,8,22
Gunar Cockshoot,Canada,50% Dark Bites,2022-01-04,3024.0,23,2022,1,1,4
Curtice Advani,India,Milk Bars,2022-04-05,3437.0,201,2022,2,4,5
Beverie Moffet,India,Milk Bars,2022-04-15,1869.0,323,2022,2,4,15
Husein Augar,Australia,White Choc,2022-05-11,3171.0,220,2022,2,5,11
Andria Kimpton,Canada,Manuka Honey Choco,2022-07-21,4858.0,488,2022,3,7,21
Jan Morforth,New Zealand,Orange Choco,2022-02-11,1225.0,84,2022,1,2,11
Andria Kimpton,Canada,Smooth Sliky Salty,2022-07-08,1155.0,79,2022,3,7,8
Gunar Cockshoot,UK,Raspberry Choco,2022-08-11,6811.0,344,2022,3,8,11
Husein Augar,New Zealand,After Nines,2022-08-04,6433.0,7,2022,3,8,4
Andria Kimpton,New Zealand,Orange Choco,2022-06-14,8169.0,88,2022,2,6,14
Dennison Crosswaite,UK,Baker's Choco Chips,2022-01-17,2275.0,275,2022,1,1,17
Jehu Rudeforth,Canada,Orange Choco,2022-06-23,3857.0,512,2022,2,6,23
Jehu Rudeforth,UK,Smooth Sliky Salty,2022-08-24,1463.0,113,2022,3,8,24
Andria Kimpton,UK,Caramel Stuffed Bars,2022-06-07,7924.0,275,2022,2,6,7
Jan Morforth,UK,White Choc,2022-06-22,8799.0,47,2022,2,6,22
Dotty Strutley,USA,Fruit & Nut Bars,2022-07-13,2898.0,276,2022,3,7,13
Kelci Walkden,UK,Choco Coated Almonds,2022-05-24,9506.0,212,2022,2,5,24
Gunar Cockshoot,New Zealand,After Nines,2022-08-09,7175.0,145,2022,3,8,9
Kaine Padly,Canada,85% Dark Bars,2022-04-06,1729.0,31,2022,2,4,6
Jan Morforth,New Zealand,Manuka Honey Choco,2022-07-28,1589.0,271,2022,3,7,28
Gunar Cockshoot,New Zealand,Raspberry Choco,2022-08-24,630.0,52,2022,3,8,24
Van Tuxwell,Australia,99% Dark & Pure,2022-01-17,112.0,128,2022,1,1,17
Curtice Advani,USA,Drinking Coco,2022-02-07,5187.0,142,2022,1,2,7
Brien Boise,Australia,Spicy Special Slims,2022-05-09,6223.0,256,2022,2,5,9
Mallorie Waber,New Zealand,85% Dark Bars,2022-06-06,7714.0,106,2022,2,6,6
Wilone O'Kielt,USA,Choco Coated Almonds,2022-06-06,9457.0,6,2022,2,6,6
Beverie Moffet,New Zealand,Organic Choco Syrup,2022-05-24,6678.0,226,2022,2,5,24
Gunar Cockshoot,UK,50% Dark Bites,2022-01-13,2107.0,121,2022,1,1,13
Marney O'Breen,USA,Raspberry Choco,2022-05-23,6069.0,151,2022,2,5,23
Jehu Rudeforth,UK,White Choc,2022-06-29,1862.0,284,2022,2,6,29
Jehu Rudeforth,New Zealand,85% Dark Bars,2022-03-11,6972.0,89,2022,1,3,11
Dotty Strutley,USA,85% Dark Bars,2022-04-25,10220.0,508,2022,2,4,25
Rafaelita Blaksland,Australia,Smooth Sliky Salty,2022-05-30,3969.0,243,2022,2,5,30
Curtice Advani,India,Manuka Honey Choco,2022-05-23,1547.0,170,2022,2,5,23
Mallorie Waber,USA,Peanut Butter Cubes,2022-05-23,1162.0,18,2022,2,5,23
Van Tuxwell,Canada,Peanut Butter Cubes,2022-06-24,6342.0,282,2022,2,6,24
Kelci Walkden,New Zealand,Smooth Sliky Salty,2022-03-11,10633.0,277,2022,1,3,11
Rafaelita Blaksland,USA,Smooth Sliky Salty,2022-07-27,15057.0,212,2022,3,7,27
Rafaelita Blaksland,USA,White Choc,2022-08-16,4704.0,126,2022,3,8,16
Roddy Speechley,Canada,Smooth Sliky Salty,2022-03-07,9338.0,11,2022,1,3,7
Curtice Advani,New Zealand,After Nines,2022-04-05,7959.0,30,2022,2,4,5
Camilla Castle,India,85% Dark Bars,2022-05-04,9023.0,51,2022,2,5,4
Ches Bonnell,USA,Choco Coated Almonds,2022-01-04,14525.0,92,2022,1,1,4
Marney O'Breen,Australia,Baker's Choco Chips,2022-01-13,5810.0,101,2022,1,1,13
Wilone O'Kielt,New Zealand,Fruit & Nut Bars,2022-07-11,6426.0,98,2022,3,7,11
Kaine Padly,Australia,Mint Chip Choco,2022-05-17,4403.0,159,2022,2,5,17
Camilla Castle,New Zealand,Peanut Butter Cubes,2022-07-21,1582.0,62,2022,3,7,21
Curtice Advani,Canada,Organic Choco Syrup,2022-02-22,791.0,22,2022,1,2,22
Jan Morforth,India,99% Dark & Pure,2022-05-23,9100.0,187,2022,2,5,23
Rafaelita Blaksland,Canada,Drinking Coco,2022-07-12,9884.0,200,2022,3,7,12
Jan Morforth,UK,Orange Choco,2022-06-15,3780.0,201,2022,2,6,15
Barr Faughny,New Zealand,50% Dark Bites,2022-06-23,4557.0,308,2022,2,6,23
Curtice Advani,Australia,Eclairs,2022-03-25,5796.0,55,2022,1,3,25
Jan Morforth,India,Caramel Stuffed Bars,2022-07-04,84.0,153,2022,3,7,4
Andria Kimpton,UK,White Choc,2022-05-12,9037.0,101,2022,2,5,12
Camilla Castle,New Zealand,Raspberry Choco,2022-04-04,4746.0,137,2022,2,4,4
Madelene Upcott,Australia,Orange Choco,2022-04-15,6713.0,398,2022,2,4,15
Roddy Speechley,Canada,Eclairs,2022-03-08,6237.0,88,2022,1,3,8
Karlen McCaffrey,India,White Choc,2022-01-17,7483.0,232,2022,1,1,17
Wilone O'Kielt,India,Mint Chip Choco,2022-08-22,1309.0,51,2022,3,8,22
Andria Kimpton,UK,99% Dark & Pure,2022-07-25,1155.0,66,2022,3,7,25
Marney O'Breen,UK,50% Dark Bites,2022-06-14,2989.0,124,2022,2,6,14
Ches Bonnell,India,Choco Coated Almonds,2022-04-05,9625.0,78,2022,2,4,5
Madelene Upcott,UK,Raspberry Choco,2022-08-26,7357.0,341,2022,3,8,26
Wilone O'Kielt,Australia,50% Dark Bites,2022-08-03,10031.0,114,2022,3,8,3
Gigi Bohling,Canada,White Choc,2022-07-11,6587.0,4,2022,3,7,11
Wilone O'Kielt,New Zealand,Eclairs,2022-03-11,3311.0,22,2022,1,3,11
Brien Boise,UK,Peanut Butter Cubes,2022-01-10,15330.0,30,2022,1,1,10
Roddy Speechley,UK,Baker's Choco Chips,2022-04-04,14028.0,351,2022,2,4,4
Karlen McCaffrey,Australia,50% Dark Bites,2022-01-17,6678.0,708,2022,1,1,17
Marney O'Breen,New Zealand,Organic Choco Syrup,2022-07-08,8624.0,50,2022,3,7,8
Jan Morforth,UK,Organic Choco Syrup,2022-04-12,1197.0,356,2022,2,4,12
Rafaelita Blaksland,Canada,Fruit & Nut Bars,2022-08-24,483.0,185,2022,3,8,24
Ches Bonnell,UK,Choco Coated Almonds,2022-06-07,1687.0,236,2022,2,6,7
Gunar Cockshoot,Canada,Almond Choco,2022-07-28,1309.0,30,2022,3,7,28
Husein Augar,USA,99% Dark & Pure,2022-02-21,9534.0,111,2022,1,2,21
Dennison Crosswaite,Canada,Mint Chip Choco,2022-04-08,1694.0,289,2022,2,4,8
Brien Boise,UK,Manuka Honey Choco,2022-06-28,70.0,103,2022,2,6,28
Van Tuxwell,UK,Baker's Choco Chips,2022-03-24,2443.0,20,2022,1,3,24
Barr Faughny,Australia,Caramel Stuffed Bars,2022-07-29,2933.0,55,2022,3,7,29
Dennison Crosswaite,USA,Eclairs,2022-05-25,2044.0,90,2022,2,5,25
Gigi Bohling,Australia,Raspberry Choco,2022-03-30,6524.0,303,2022,1,3,30
Dennison Crosswaite,USA,Organic Choco Syrup,2022-07-18,12656.0,126,2022,3,7,18
Beverie Moffet,Canada,Orange Choco,2022-05-10,8722.0,109,2022,2,5,10
Mallorie Waber,Australia,Choco Coated Almonds,2022-03-18,15750.0,92,2022,1,3,18
Ches Bonnell,India,Caramel Stuffed Bars,2022-06-15,6839.0,56,2022,2,6,15
Van Tuxwell,Canada,50% Dark Bites,2022-05-12,13685.0,58,2022,2,5,12
Kelci Walkden,New Zealand,Baker's Choco Chips,2022-06-23,2912.0,110,2022,2,6,23
Beverie Moffet,India,Spicy Special Slims,2022-04-21,3339.0,171,2022,2,4,21
Gigi Bohling,Australia,Almond Choco,2022-08-17,910.0,117,2022,3,8,17
Rafaelita Blaksland,New Zealand,Eclairs,2022-02-07,19481.0,51,2022,1,2,7
Kelci Walkden,Canada,Smooth Sliky Salty,2022-03-17,8099.0,118,2022,1,3,17
Jan Morforth,India,Baker's Choco Chips,2022-08-01,13727.0,79,2022,3,8,1
Jehu Rudeforth,Australia,Milk Bars,2022-03-18,8659.0,29,2022,1,3,18
Gigi Bohling,Canada,Fruit & Nut Bars,2022-06-14,5782.0,103,2022,2,6,14
Beverie Moffet,UK,Eclairs,2022-04-22,8463.0,155,2022,2,4,22
Marney O'Breen,New Zealand,Eclairs,2022-01-18,4914.0,31,2022,1,1,18
Husein Augar,Australia,99% Dark & Pure,2022-08-26,3087.0,128,2022,3,8,26
Gunar Cockshoot,New Zealand,Fruit & Nut Bars,2022-06-10,9205.0,419,2022,2,6,10
Curtice Advani,Canada,70% Dark Bites,2022-01-31,2303.0,7,2022,1,1,31
Kelci Walkden,New Zealand,Manuka Honey Choco,2022-04-08,1358.0,106,2022,2,4,8
Dotty Strutley,Australia,Baker's Choco Chips,2022-06-07,3605.0,68,2022,2,6,7
Barr Faughny,Australia,85% Dark Bars,2022-02-10,8498.0,44,2022,1,2,10
Beverie Moffet,Australia,50% Dark Bites,2022-05-16,700.0,457,2022,2,5,16
Gunar Cockshoot,India,Baker's Choco Chips,2022-03-18,2191.0,524,2022,1,3,18
Van Tuxwell,Australia,50% Dark Bites,2022-07-13,644.0,137,2022,3,7,13
Oby Sorrel,USA,Manuka Honey Choco,2022-07-25,4340.0,86,2022,3,7,25
Van Tuxwell,Canada,Choco Coated Almonds,2022-08-19,2282.0,296,2022,3,8,19
Karlen McCaffrey,Canada,70% Dark Bites,2022-06-24,7714.0,597,2022,2,6,24
Kelci Walkden,Canada,Fruit & Nut Bars,2022-06-20,826.0,149,2022,2,6,20
Camilla Castle,India,99% Dark & Pure,2022-08-02,203.0,207,2022,3,8,2
Madelene Upcott,New Zealand,70% Dark Bites,2022-02-22,13356.0,93,2022,1,2,22
Mallorie Waber,New Zealand,Orange Choco,2022-02-01,6510.0,23,2022,1,2,1
Jan Morforth,Canada,70% Dark Bites,2022-02-14,5894.0,305,2022,1,2,14
Kelci Walkden,Australia,Milk Bars,2022-02-24,7910.0,125,2022,1,2,24
Dennison Crosswaite,India,Orange Choco,2022-03-18,784.0,129,2022,1,3,18
Husein Augar,UK,Eclairs,2022-08-30,1750.0,252,2022,3,8,30
Gigi Bohling,USA,Peanut Butter Cubes,2022-05-09,280.0,75,2022,2,5,9
Wilone O'Kielt,USA,Smooth Sliky Salty,2022-01-18,504.0,87,2022,1,1,18
Curtice Advani,India,White Choc,2022-07-04,7154.0,342,2022,3,7,4
Oby Sorrel,New Zealand,Spicy Special Slims,2022-06-03,1617.0,13,2022,2,6,3
Beverie Moffet,New Zealand,Peanut Butter Cubes,2022-02-23,10822.0,30,2022,1,2,23
Dotty Strutley,New Zealand,99% Dark & Pure,2022-05-09,10724.0,203,2022,2,5,9
Kelci Walkden,India,70% Dark Bites,2022-06-06,3640.0,106,2022,2,6,6
Kelci Walkden,India,Drinking Coco,2022-07-04,7532.0,234,2022,3,7,4
Brien Boise,New Zealand,Drinking Coco,2022-06-06,1582.0,100,2022,2,6,6
Dotty Strutley,Australia,Almond Choco,2022-05-13,1456.0,91,2022,2,5,13
Wilone O'Kielt,New Zealand,Organic Choco Syrup,2022-01-31,2016.0,277,2022,1,1,31
Ches Bonnell,New Zealand,Caramel Stuffed Bars,2022-06-30,7588.0,42,2022,2,6,30
Barr Faughny,Canada,Manuka Honey Choco,2022-08-25,3402.0,249,2022,3,8,25
Gigi Bohling,New Zealand,Smooth Sliky Salty,2022-01-10,700.0,97,2022,1,1,10
Brien Boise,USA,Manuka Honey Choco,2022-08-22,1904.0,8,2022,3,8,22
Roddy Speechley,New Zealand,85% Dark Bars,2022-04-14,4844.0,275,2022,2,4,14
Oby Sorrel,UK,Smooth Sliky Salty,2022-05-31,9625.0,313,2022,2,5,31
Oby Sorrel,UK,Raspberry Choco,2022-04-08,4599.0,323,2022,2,4,8
Roddy Speechley,USA,Drinking Coco,2022-02-21,3003.0,155,2022,1,2,21
Andria Kimpton,Australia,Manuka Honey Choco,2022-03-30,9744.0,377,2022,1,3,30
Mallorie Waber,India,Raspberry Choco,2022-03-02,1400.0,2,2022,1,3,2
Jehu Rudeforth,USA,Orange Choco,2022-07-28,364.0,170,2022,3,7,28
Kaine Padly,New Zealand,70% Dark Bites,2022-03-24,7231.0,38,2022,1,3,24
Curtice Advani,Australia,After Nines,2022-08-11,63.0,105,2022,3,8,11
Husein Augar,UK,Almond Choco,2022-05-17,8309.0,166,2022,2,5,17
Kaine Padly,Canada,Choco Coated Almonds,2022-05-18,3164.0,164,2022,2,5,18
Roddy Speechley,UK,Peanut Butter Cubes,2022-08-17,5691.0,171,2022,3,8,17
Ches Bonnell,New Zealand,Eclairs,2022-04-04,490.0,49,2022,2,4,4
Brien Boise,India,85% Dark Bars,2022-08-09,18032.0,205,2022,3,8,9
Brien Boise,New Zealand,Organic Choco Syrup,2022-01-17,637.0,313,2022,1,1,17
Andria Kimpton,Canada,White Choc,2022-02-14,4067.0,29,2022,1,2,14
Gigi Bohling,New Zealand,Orange Choco,2022-05-16,8204.0,307,2022,2,5,16
Ches Bonnell,Canada,Smooth Sliky Salty,2022-03-16,9870.0,121,2022,1,3,16
Husein Augar,Canada,70% Dark Bites,2022-01-31,5131.0,285,2022,1,1,31
Barr Faughny,Canada,Organic Choco Syrup,2022-03-10,1141.0,205,2022,1,3,10
Oby Sorrel,UK,Organic Choco Syrup,2022-06-30,7980.0,157,2022,2,6,30
Van Tuxwell,New Zealand,Eclairs,2022-03-01,5229.0,182,2022,1,3,1
Mallorie Waber,UK,Drinking Coco,2022-05-27,3423.0,100,2022,2,5,27
Oby Sorrel,UK,Milk Bars,2022-07-11,6468.0,223,2022,3,7,11
Karlen McCaffrey,New Zealand,Mint Chip Choco,2022-03-02,4326.0,61,2022,1,3,2
Jehu Rudeforth,USA,Raspberry Choco,2022-03-04,7154.0,133,2022,1,3,4
Kelci Walkden,UK,85% Dark Bars,2022-06-23,3997.0,228,2022,2,6,23
Kelci Walkden,USA,Almond Choco,2022-01-27,5180.0,233,2022,1,1,27
Marney O'Breen,Canada,Orange Choco,2022-01-14,2723.0,425,2022,1,1,14
Dennison Crosswaite,India,Fruit & Nut Bars,2022-07-29,952.0,24,2022,3,7,29
Brien Boise,Canada,Smooth Sliky Salty,2022-05-13,5691.0,495,2022,2,5,13
Barr Faughny,Canada,Baker's Choco Chips,2022-02-03,10969.0,170,2022,1,2,3
Brien Boise,India,Smooth Sliky Salty,2022-05-27,5964.0,26,2022,2,5,27
Jan Morforth,Australia,Drinking Coco,2022-02-18,2821.0,24,2022,1,2,18
Brien Boise,India,Spicy Special Slims,2022-01-28,1302.0,33,2022,1,1,28
Van Tuxwell,UK,Eclairs,2022-06-29,5474.0,109,2022,2,6,29
Wilone O'Kielt,India,Caramel Stuffed Bars,2022-01-13,4179.0,276,2022,1,1,13
Jehu Rudeforth,UK,After Nines,2022-06-27,1946.0,164,2022,2,6,27
Barr Faughny,Canada,White Choc,2022-03-29,4291.0,1,2022,1,3,29
Gunar Cockshoot,India,Organic Choco Syrup,2022-06-03,7196.0,160,2022,2,6,3
Mallorie Waber,Canada,Smooth Sliky Salty,2022-03-21,1939.0,98,2022,1,3,21
Mallorie Waber,India,Eclairs,2022-04-12,10437.0,46,2022,2,4,12
Rafaelita Blaksland,Australia,Raspberry Choco,2022-01-19,6916.0,259,2022,1,1,19
Karlen McCaffrey,UK,50% Dark Bites,2022-04-06,3647.0,310,2022,2,4,6
Kaine Padly,Australia,50% Dark Bites,2022-08-02,8995.0,78,2022,3,8,2
Gigi Bohling,Australia,Eclairs,2022-04-12,7252.0,136,2022,2,4,12
Oby Sorrel,India,Drinking Coco,2022-07-21,16380.0,130,2022,3,7,21
Van Tuxwell,New Zealand,Baker's Choco Chips,2022-03-22,9660.0,24,2022,1,3,22
Husein Augar,India,Peanut Butter Cubes,2022-05-09,4522.0,5,2022,2,5,9
Andria Kimpton,Australia,Baker's Choco Chips,2022-08-09,329.0,109,2022,3,8,9
Madelene Upcott,Canada,Choco Coated Almonds,2022-07-20,3458.0,294,2022,3,7,20
Brien Boise,India,70% Dark Bites,2022-04-14,4641.0,413,2022,2,4,14
Jehu Rudeforth,Canada,White Choc,2022-01-25,4627.0,136,2022,1,1,25
Andria Kimpton,Australia,Almond Choco,2022-04-25,3192.0,175,2022,2,4,25
Dotty Strutley,Canada,After Nines,2022-01-17,252.0,237,2022,1,1,17
Karlen McCaffrey,USA,Eclairs,2022-08-15,868.0,125,2022,3,8,15
Karlen McCaffrey,Canada,Fruit & Nut Bars,2022-06-02,210.0,16,2022,2,6,2
Gunar Cockshoot,USA,85% Dark Bars,2022-06-30,7007.0,135,2022,2,6,30
Dotty Strutley,New Zealand,Raspberry Choco,2022-02-10,5845.0,91,2022,1,2,10
Marney O'Breen,Canada,Caramel Stuffed Bars,2022-02-23,1372.0,614,2022,1,2,23
Dennison Crosswaite,India,Organic Choco Syrup,2022-01-27,8428.0,216,2022,1,1,27
Camilla Castle,UK,Mint Chip Choco,2022-05-26,4977.0,317,2022,2,5,26
Brien Boise,USA,70% Dark Bites,2022-04-14,1694.0,21,2022,2,4,14
Madelene Upcott,Australia,99% Dark & Pure,2022-08-01,4326.0,154,2022,3,8,1
Mallorie Waber,Australia,Eclairs,2022-08-22,9527.0,222,2022,3,8,22
Marney O'Breen,India,99% Dark & Pure,2022-07-22,10766.0,157,2022,3,7,22
Husein Augar,USA,Fruit & Nut Bars,2022-04-28,1288.0,27,2022,2,4,28
Kelci Walkden,Australia,Almond Choco,2022-05-30,4879.0,350,2022,2,5,30
Ches Bonnell,USA,Milk Bars,2022-07-21,2408.0,157,2022,3,7,21
Jan Morforth,UK,Caramel Stuffed Bars,2022-08-02,3094.0,468,2022,3,8,2
Brien Boise,New Zealand,70% Dark Bites,2022-06-15,7231.0,130,2022,2,6,15
Oby Sorrel,India,85% Dark Bars,2022-07-05,8981.0,130,2022,3,7,5
Kaine Padly,New Zealand,Smooth Sliky Salty,2022-04-12,7.0,518,2022,2,4,12
Gigi Bohling,Australia,70% Dark Bites,2022-08-18,1372.0,105,2022,3,8,18
Jan Morforth,UK,50% Dark Bites,2022-01-12,5250.0,293,2022,1,1,12
Gunar Cockshoot,Canada,White Choc,2022-08-11,7560.0,15,2022,3,8,11
Jehu Rudeforth,Australia,Spicy Special Slims,2022-01-13,5012.0,384,2022,1,1,13
Husein Augar,UK,Baker's Choco Chips,2022-04-29,3038.0,135,2022,2,4,29
Rafaelita Blaksland,New Zealand,After Nines,2022-07-07,1099.0,92,2022,3,7,7
Madelene Upcott,New Zealand,Mint Chip Choco,2022-03-11,7413.0,4,2022,1,3,11
Madelene Upcott,UK,70% Dark Bites,2022-02-16,5397.0,239,2022,1,2,16
Barr Faughny,Australia,Organic Choco Syrup,2022-01-07,2303.0,33,2022,1,1,7
Beverie Moffet,New Zealand,Drinking Coco,2022-01-12,1141.0,518,2022,1,1,12
Beverie Moffet,India,Eclairs,2022-06-09,10325.0,147,2022,2,6,9
Andria Kimpton,India,Eclairs,2022-05-16,2149.0,84,2022,2,5,16
Gigi Bohling,UK,85% Dark Bars,2022-06-23,12362.0,94,2022,2,6,23
Roddy Speechley,UK,Raspberry Choco,2022-01-28,12635.0,194,2022,1,1,28
Dotty Strutley,UK,Mint Chip Choco,2022-07-14,2443.0,216,2022,3,7,14
Barr Faughny,Canada,Drinking Coco,2022-04-18,6237.0,247,2022,2,4,18
Oby Sorrel,USA,Milk Bars,2022-06-14,1736.0,79,2022,2,6,14
Oby Sorrel,UK,Orange Choco,2022-04-15,7315.0,237,2022,2,4,15
Curtice Advani,Canada,Peanut Butter Cubes,2022-05-19,4935.0,63,2022,2,5,19
Gigi Bohling,India,White Choc,2022-04-13,1393.0,172,2022,2,4,13
Husein Augar,Canada,Choco Coated Almonds,2022-08-15,3381.0,408,2022,3,8,15
Wilone O'Kielt,India,Choco Coated Almonds,2022-08-22,2933.0,233,2022,3,8,22
Wilone O'Kielt,New Zealand,Baker's Choco Chips,2022-04-22,3836.0,59,2022,2,4,22
Kaine Padly,UK,Choco Coated Almonds,2022-08-03,8022.0,123,2022,3,8,3
Dennison Crosswaite,New Zealand,Organic Choco Syrup,2022-01-04,371.0,229,2022,1,1,4
Kelci Walkden,Canada,After Nines,2022-01-13,16702.0,198,2022,1,1,13
Van Tuxwell,Australia,Baker's Choco Chips,2022-05-11,13258.0,32,2022,2,5,11
Husein Augar,New Zealand,Peanut Butter Cubes,2022-02-16,2058.0,236,2022,1,2,16
Kaine Padly,UK,Caramel Stuffed Bars,2022-05-20,10192.0,67,2022,2,5,20
Jehu Rudeforth,UK,Drinking Coco,2022-02-03,7140.0,438,2022,1,2,3
Beverie Moffet,India,Manuka Honey Choco,2022-05-06,9835.0,167,2022,2,5,6
Gunar Cockshoot,UK,Choco Coated Almonds,2022-06-30,5775.0,135,2022,2,6,30
Gunar Cockshoot,UK,Smooth Sliky Salty,2022-03-22,749.0,148,2022,1,3,22
Camilla Castle,Canada,Orange Choco,2022-02-17,7770.0,54,2022,1,2,17
Jehu Rudeforth,UK,85% Dark Bars,2022-07-07,5502.0,64,2022,3,7,7
Oby Sorrel,UK,70% Dark Bites,2022-03-16,6223.0,181,2022,1,3,16
Kelci Walkden,UK,99% Dark & Pure,2022-08-12,3507.0,114,2022,3,8,12
Gigi Bohling,New Zealand,After Nines,2022-01-21,5600.0,181,2022,1,1,21
Oby Sorrel,Australia,50% Dark Bites,2022-05-06,721.0,151,2022,2,5,6
Oby Sorrel,Canada,50% Dark Bites,2022-06-24,6615.0,137,2022,2,6,24
Barr Faughny,USA,White Choc,2022-05-05,7420.0,163,2022,2,5,5
Rafaelita Blaksland,New Zealand,99% Dark & Pure,2022-03-25,3164.0,84,2022,1,3,25
Curtice Advani,Australia,Caramel Stuffed Bars,2022-02-14,9114.0,140,2022,1,2,14
Curtice Advani,New Zealand,85% Dark Bars,2022-05-12,5404.0,187,2022,2,5,12
Barr Faughny,New Zealand,Smooth Sliky Salty,2022-01-25,3990.0,169,2022,1,1,25
Ches Bonnell,UK,85% Dark Bars,2022-06-28,14924.0,12,2022,2,6,28
Dennison Crosswaite,Australia,Drinking Coco,2022-07-13,7091.0,194,2022,3,7,13
Roddy Speechley,USA,Milk Bars,2022-05-16,2807.0,252,2022,2,5,16
Jan Morforth,India,After Nines,2022-03-14,6496.0,168,2022,1,3,14
Gunar Cockshoot,USA,After Nines,2022-08-15,3738.0,261,2022,3,8,15
Ches Bonnell,India,Orange Choco,2022-02-16,1190.0,256,2022,1,2,16
Mallorie Waber,UK,Manuka Honey Choco,2022-06-15,8379.0,43,2022,2,6,15
Barr Faughny,Australia,Raspberry Choco,2022-05-27,9268.0,100,2022,2,5,27
Wilone O'Kielt,USA,Drinking Coco,2022-06-14,1029.0,98,2022,2,6,14
Wilone O'Kielt,India,Eclairs,2022-02-25,3549.0,76,2022,1,2,25
Wilone O'Kielt,India,After Nines,2022-08-04,12026.0,262,2022,3,8,4
Kelci Walkden,India,99% Dark & Pure,2022-06-28,2303.0,244,2022,2,6,28
Gunar Cockshoot,Canada,Spicy Special Slims,2022-04-05,13405.0,12,2022,2,4,5
Madelene Upcott,Canada,Peanut Butter Cubes,2022-07-05,14763.0,113,2022,3,7,5
Kaine Padly,New Zealand,Eclairs,2022-01-20,12894.0,48,2022,1,1,20
Ches Bonnell,New Zealand,Drinking Coco,2022-02-16,8302.0,131,2022,1,2,16
Curtice Advani,UK,Drinking Coco,2022-07-12,455.0,174,2022,3,7,12
Kelci Walkden,India,Raspberry Choco,2022-06-16,8183.0,254,2022,2,6,16
Dotty Strutley,Australia,Choco Coated Almonds,2022-04-13,1645.0,284,2022,2,4,13
Kaine Padly,UK,50% Dark Bites,2022-02-21,3143.0,67,2022,1,2,21
Roddy Speechley,Canada,Choco Coated Almonds,2022-05-11,5873.0,249,2022,2,5,11
Ches Bonnell,India,50% Dark Bites,2022-04-15,11298.0,313,2022,2,4,15
Oby Sorrel,Canada,Peanut Butter Cubes,2022-06-07,12425.0,167,2022,2,6,7
Oby Sorrel,UK,White Choc,2022-06-27,1715.0,286,2022,2,6,27
Barr Faughny,India,After Nines,2022-07-29,8190.0,109,2022,3,7,29
Wilone O'Kielt,Canada,Smooth Sliky Salty,2022-06-02,4991.0,166,2022,2,6,2
Rafaelita Blaksland,India,Mint Chip Choco,2022-01-26,15491.0,85,2022,1,1,26
Rafaelita Blaksland,Canada,99% Dark & Pure,2022-03-02,5096.0,142,2022,1,3,2
Van Tuxwell,Australia,70% Dark Bites,2022-01-10,7063.0,104,2022,1,1,10
Beverie Moffet,USA,70% Dark Bites,2022-06-27,2275.0,115,2022,2,6,27
Barr Faughny,Canada,Orange Choco,2022-06-30,7602.0,18,2022,2,6,30
Roddy Speechley,Australia,85% Dark Bars,2022-07-08,4200.0,80,2022,3,7,8
Oby Sorrel,India,Spicy Special Slims,2022-06-08,11137.0,88,2022,2,6,8
Jan Morforth,UK,Manuka Honey Choco,2022-08-18,3388.0,212,2022,3,8,18
Kaine Padly,Australia,After Nines,2022-04-08,6832.0,306,2022,2,4,8
Wilone O'Kielt,Canada,Fruit & Nut Bars,2022-08-08,3437.0,181,2022,3,8,8
Wilone O'Kielt,UK,Milk Bars,2022-08-26,301.0,65,2022,3,8,26
Oby Sorrel,Canada,Fruit & Nut Bars,2022-01-14,1869.0,158,2022,1,1,14
Dennison Crosswaite,USA,Baker's Choco Chips,2022-08-11,17465.0,271,2022,3,8,11
Madelene Upcott,USA,Almond Choco,2022-05-31,10143.0,24,2022,2,5,31
Van Tuxwell,New Zealand,50% Dark Bites,2022-07-11,3626.0,10,2022,3,7,11
Karlen McCaffrey,Canada,Caramel Stuffed Bars,2022-03-02,3346.0,304,2022,1,3,2
Madelene Upcott,Australia,Raspberry Choco,2022-07-13,6321.0,88,2022,3,7,13
Rafaelita Blaksland,UK,Spicy Special Slims,2022-08-03,9345.0,133,2022,3,8,3
Curtice Advani,UK,Peanut Butter Cubes,2022-03-01,15008.0,165,2022,1,3,1
Kelci Walkden,New Zealand,White Choc,2022-04-13,7609.0,150,2022,2,4,13
Beverie Moffet,Canada,Fruit & Nut Bars,2022-02-14,10332.0,180,2022,1,2,14
Mallorie Waber,India,White Choc,2022-07-26,819.0,213,2022,3,7,26
Brien Boise,UK,Drinking Coco,2022-01-27,5754.0,133,2022,1,1,27
Jehu Rudeforth,India,Peanut Butter Cubes,2022-04-14,28.0,446,2022,2,4,14
Oby Sorrel,USA,Almond Choco,2022-05-19,6440.0,141,2022,2,5,19
Husein Augar,India,Eclairs,2022-02-09,4956.0,58,2022,1,2,9
Brien Boise,UK,Spicy Special Slims,2022-05-25,2352.0,58,2022,2,5,25
Oby Sorrel,Australia,Manuka Honey Choco,2022-01-26,3906.0,76,2022,1,1,26
Beverie Moffet,India,White Choc,2022-07-04,1813.0,296,2022,3,7,4
Ches Bonnell,India,Almond Choco,2022-04-13,11788.0,73,2022,2,4,13
Gigi Bohling,Australia,Smooth Sliky Salty,2022-01-25,5768.0,119,2022,1,1,25
Camilla Castle,USA,85% Dark Bars,2022-04-25,2401.0,78,2022,2,4,25
Camilla Castle,USA,Eclairs,2022-06-10,4515.0,392,2022,2,6,10
Madelene Upcott,New Zealand,White Choc,2022-08-22,10794.0,51,2022,3,8,22
Van Tuxwell,India,After Nines,2022-06-27,13706.0,207,2022,2,6,27
Husein Augar,India,Orange Choco,2022-06-30,4361.0,40,2022,2,6,30
Jehu Rudeforth,India,Almond Choco,2022-08-30,10122.0,100,2022,3,8,30
Karlen McCaffrey,Australia,Raspberry Choco,2022-08-23,994.0,57,2022,3,8,23
Camilla Castle,New Zealand,99% Dark & Pure,2022-08-26,2268.0,42,2022,3,8,26
Gigi Bohling,Australia,Orange Choco,2022-03-09,574.0,156,2022,1,3,9
Kelci Walkden,UK,Drinking Coco,2022-04-20,1792.0,23,2022,2,4,20
Mallorie Waber,Canada,Caramel Stuffed Bars,2022-06-10,4844.0,539,2022,2,6,10
Husein Augar,Australia,Organic Choco Syrup,2022-02-08,938.0,158,2022,1,2,8
Brien Boise,Australia,White Choc,2022-08-25,4879.0,22,2022,3,8,25
Dotty Strutley,India,Peanut Butter Cubes,2022-02-16,9107.0,73,2022,1,2,16
Dennison Crosswaite,UK,99% Dark & Pure,2022-05-30,12187.0,27,2022,2,5,30
Gigi Bohling,New Zealand,50% Dark Bites,2022-06-29,5670.0,64,2022,2,6,29
Gigi Bohling,USA,Milk Bars,2022-06-16,476.0,133,2022,2,6,16
Brien Boise,UK,Caramel Stuffed Bars,2022-03-04,2681.0,149,2022,1,3,4
Curtice Advani,New Zealand,Peanut Butter Cubes,2022-03-15,1533.0,434,2022,1,3,15
Curtice Advani,New Zealand,50% Dark Bites,2022-01-27,9765.0,85,2022,1,1,27
Beverie Moffet,Canada,Drinking Coco,2022-07-05,994.0,118,2022,3,7,5
Barr Faughny,USA,Caramel Stuffed Bars,2022-03-29,3318.0,299,2022,1,3,29
Mallorie Waber,Canada,Almond Choco,2022-05-12,4214.0,35,2022,2,5,12
Oby Sorrel,USA,Drinking Coco,2022-03-11,7714.0,44,2022,1,3,11
Brien Boise,New Zealand,Eclairs,2022-07-11,4690.0,299,2022,3,7,11
Gunar Cockshoot,New Zealand,Choco Coated Almonds,2022-08-01,13062.0,62,2022,3,8,1
Gunar Cockshoot,UK,Spicy Special Slims,2022-02-16,12488.0,200,2022,1,2,16
Curtice Advani,USA,After Nines,2022-04-13,14147.0,235,2022,2,4,13
Oby Sorrel,India,Choco Coated Almonds,2022-02-14,49.0,363,2022,1,2,14
Ches Bonnell,Australia,Peanut Butter Cubes,2022-03-14,10199.0,68,2022,1,3,14
Oby Sorrel,Australia,Spicy Special Slims,2022-04-26,11389.0,26,2022,2,4,26
Jehu Rudeforth,Canada,Manuka Honey Choco,2022-04-05,3584.0,200,2022,2,4,5
Camilla Castle,Canada,Drinking Coco,2022-03-03,12481.0,264,2022,1,3,3
Kaine Padly,USA,Spicy Special Slims,2022-06-13,2107.0,175,2022,2,6,13
Marney O'Breen,New Zealand,70% Dark Bites,2022-02-14,8603.0,352,2022,1,2,14
Roddy Speechley,New Zealand,99% Dark & Pure,2022-04-18,7483.0,183,2022,2,4,18
Oby Sorrel,New Zealand,85% Dark Bars,2022-02-01,3381.0,417,2022,1,2,1
Dotty Strutley,New Zealand,Orange Choco,2022-08-04,2030.0,146,2022,3,8,4
Andria Kimpton,New Zealand,Almond Choco,2022-04-05,6559.0,158,2022,2,4,5
Karlen McCaffrey,Australia,99% Dark & Pure,2022-01-26,10822.0,168,2022,1,1,26
Kaine Padly,UK,After Nines,2022-01-21,18697.0,176,2022,1,1,21
Kaine Padly,Canada,After Nines,2022-08-22,5845.0,172,2022,3,8,22
Kaine Padly,UK,Drinking Coco,2022-01-27,2317.0,224,2022,1,1,27
Rafaelita Blaksland,UK,50% Dark Bites,2022-02-16,10150.0,68,2022,1,2,16
Dotty Strutley,USA,Raspberry Choco,2022-01-03,3437.0,46,2022,1,1,3
Karlen McCaffrey,USA,White Choc,2022-08-24,4592.0,2,2022,3,8,24
Oby Sorrel,USA,Spicy Special Slims,2022-02-07,5691.0,417,2022,1,2,7
Mallorie Waber,Australia,Smooth Sliky Salty,2022-02-11,4158.0,109,2022,1,2,11
Kaine Padly,Canada,Organic Choco Syrup,2022-03-29,5684.0,81,2022,1,3,29
Marney O'Breen,USA,Peanut Butter Cubes,2022-06-15,693.0,350,2022,2,6,15
Dennison Crosswaite,UK,Smooth Sliky Salty,2022-04-26,546.0,142,2022,2,4,26
Brien Boise,Australia,Organic Choco Syrup,2022-07-15,4263.0,264,2022,3,7,15
Beverie Moffet,India,Organic Choco Syrup,2022-06-23,1036.0,20,2022,2,6,23
Dennison Crosswaite,Australia,Baker's Choco Chips,2022-01-11,13846.0,421,2022,1,1,11
Beverie Moffet,UK,50% Dark Bites,2022-02-09,2499.0,271,2022,1,2,9
Van Tuxwell,UK,Almond Choco,2022-06-06,10689.0,204,2022,2,6,6
Dotty Strutley,UK,Caramel Stuffed Bars,2022-08-10,5768.0,235,2022,3,8,10
Wilone O'Kielt,Australia,Smooth Sliky Salty,2022-01-04,2226.0,46,2022,1,1,4
Andria Kimpton,Canada,70% Dark Bites,2022-04-08,10262.0,15,2022,2,4,8
Barr Faughny,UK,Milk Bars,2022-03-02,3864.0,430,2022,1,3,2
Van Tuxwell,Canada,Drinking Coco,2022-06-15,4900.0,709,2022,2,6,15
Jehu Rudeforth,Australia,After Nines,2022-02-14,5250.0,47,2022,1,2,14
Husein Augar,UK,After Nines,2022-07-05,3507.0,380,2022,3,7,5
Barr Faughny,India,Mint Chip Choco,2022-01-12,7413.0,465,2022,1,1,12
Curtice Advani,India,Mint Chip Choco,2022-03-03,8155.0,96,2022,1,3,3
Jehu Rudeforth,New Zealand,Milk Bars,2022-05-18,2478.0,188,2022,2,5,18
Gunar Cockshoot,India,Caramel Stuffed Bars,2022-07-28,2471.0,202,2022,3,7,28
Curtice Advani,UK,Manuka Honey Choco,2022-02-07,1666.0,106,2022,1,2,7
Andria Kimpton,India,Orange Choco,2022-05-30,301.0,421,2022,2,5,30
Mallorie Waber,Australia,Raspberry Choco,2022-04-25,8400.0,27,2022,2,4,25
Beverie Moffet,Canada,85% Dark Bars,2022-02-16,6139.0,45,2022,1,2,16
Kelci Walkden,Australia,Drinking Coco,2022-05-04,1288.0,60,2022,2,5,4
Van Tuxwell,Canada,70% Dark Bites,2022-06-02,7077.0,77,2022,2,6,2
Dennison Crosswaite,USA,Caramel Stuffed Bars,2022-07-11,2317.0,464,2022,3,7,11
Beverie Moffet,New Zealand,Spicy Special Slims,2022-06-07,63.0,60,2022,2,6,7
Jan Morforth,UK,Almond Choco,2022-07-06,9744.0,157,2022,3,7,6
Husein Augar,India,Raspberry Choco,2022-06-15,9954.0,154,2022,2,6,15
Dotty Strutley,India,Mint Chip Choco,2022-04-14,1260.0,239,2022,2,4,14
Camilla Castle,India,Drinking Coco,2022-08-08,469.0,163,2022,3,8,8
Marney O'Breen,UK,Drinking Coco,2022-03-29,973.0,28,2022,1,3,29
Roddy Speechley,Australia,Organic Choco Syrup,2022-07-04,3647.0,76,2022,3,7,4
Ches Bonnell,India,99% Dark & Pure,2022-02-16,455.0,96,2022,1,2,16
Rafaelita Blaksland,Canada,Spicy Special Slims,2022-05-02,2520.0,156,2022,2,5,2
Van Tuxwell,India,Eclairs,2022-07-21,10500.0,106,2022,3,7,21
Gunar Cockshoot,Australia,99% Dark & Pure,2022-08-18,7952.0,235,2022,3,8,18
Kaine Padly,USA,85% Dark Bars,2022-06-22,483.0,259,2022,2,6,22
Camilla Castle,UK,Peanut Butter Cubes,2022-07-19,4872.0,126,2022,3,7,19
Madelene Upcott,UK,Peanut Butter Cubes,2022-08-12,7756.0,85,2022,3,8,12
Madelene Upcott,USA,Choco Coated Almonds,2022-06-07,5446.0,132,2022,2,6,7
Marney O'Breen,Canada,Peanut Butter Cubes,2022-03-08,6594.0,91,2022,1,3,8
Ches Bonnell,Australia,Choco Coated Almonds,2022-04-08,1470.0,167,2022,2,4,8
Curtice Advani,Canada,Eclairs,2022-05-06,721.0,203,2022,2,5,6
Roddy Speechley,India,Drinking Coco,2022-05-31,4494.0,11,2022,2,5,31
Van Tuxwell,Australia,Mint Chip Choco,2022-01-13,2674.0,295,2022,1,1,13
Dennison Crosswaite,USA,70% Dark Bites,2022-03-15,658.0,77,2022,1,3,15
Andria Kimpton,Canada,Peanut Butter Cubes,2022-02-16,1127.0,319,2022,1,2,16
Gigi Bohling,USA,70% Dark Bites,2022-01-14,7364.0,196,2022,1,1,14
Rafaelita Blaksland,Australia,White Choc,2022-03-21,6818.0,102,2022,1,3,21
Roddy Speechley,Canada,Drinking Coco,2022-05-17,6776.0,312,2022,2,5,17
Camilla Castle,New Zealand,85% Dark Bars,2022-08-08,15099.0,55,2022,3,8,8
Madelene Upcott,Canada,Milk Bars,2022-04-26,3612.0,82,2022,2,4,26
Madelene Upcott,Australia,70% Dark Bites,2022-04-15,3710.0,260,2022,2,4,15
Oby Sorrel,Canada,Eclairs,2022-05-19,6111.0,591,2022,2,5,19
Dennison Crosswaite,Canada,Drinking Coco,2022-01-10,2702.0,24,2022,1,1,10
Mallorie Waber,New Zealand,After Nines,2022-05-04,483.0,228,2022,2,5,4
Roddy Speechley,Canada,White Choc,2022-04-05,5887.0,268,2022,2,4,5
Andria Kimpton,India,After Nines,2022-01-17,952.0,68,2022,1,1,17
Roddy Speechley,India,Spicy Special Slims,2022-03-22,10647.0,173,2022,1,3,22
Dotty Strutley,Australia,White Choc,2022-07-05,6055.0,93,2022,3,7,5
Oby Sorrel,Canada,Orange Choco,2022-04-27,8757.0,338,2022,2,4,27
Kaine Padly,Canada,Almond Choco,2022-08-12,6055.0,73,2022,3,8,12
Jan Morforth,UK,Baker's Choco Chips,2022-03-11,721.0,251,2022,1,3,11
Jehu Rudeforth,UK,Fruit & Nut Bars,2022-05-13,8589.0,229,2022,2,5,13
Dennison Crosswaite,USA,Smooth Sliky Salty,2022-05-12,11781.0,91,2022,2,5,12
Brien Boise,USA,Raspberry Choco,2022-01-12,672.0,194,2022,1,1,12
Madelene Upcott,New Zealand,Milk Bars,2022-03-29,12558.0,403,2022,1,3,29
Roddy Speechley,India,50% Dark Bites,2022-03-14,8337.0,12,2022,1,3,14
Barr Faughny,New Zealand,99% Dark & Pure,2022-05-24,8134.0,195,2022,2,5,24
Dennison Crosswaite,Canada,Organic Choco Syrup,2022-01-28,8491.0,75,2022,1,1,28
Beverie Moffet,India,Almond Choco,2022-05-24,3066.0,96,2022,2,5,24
Brien Boise,Australia,Peanut Butter Cubes,2022-08-19,301.0,205,2022,3,8,19
Karlen McCaffrey,Australia,Spicy Special Slims,2022-05-17,4410.0,323,2022,2,5,17
Jehu Rudeforth,USA,White Choc,2022-06-07,6559.0,119,2022,2,6,7
Ches Bonnell,Canada,Organic Choco Syrup,2022-07-26,574.0,217,2022,3,7,26
Dotty Strutley,India,Eclairs,2022-07-28,2086.0,384,2022,3,7,28
Karlen McCaffrey,India,70% Dark Bites,2022-05-23,5075.0,344,2022,2,5,23
